Id,Domain,Region,Login,Crawling,Save the data to folder
1,zoom.us,US,,,
2,tiktokv.us,US,,,
3,donmai.us,US,,,
4,office365.us,US,,,
5,proofpoint.us,US,,,
6,microsoft.us,US,,,
7,p-cdn.us,US,,,
8,google.us,US,,,
9,imageshack.us,US,,,
10,tiktokw.us,US,,,
11,samplicio.us,US,,,
12,logicnow.us,US,,,
13,amung.us,US,,,
14,trkn.us,US,,,
15,azureedge.us,US,,,
16,azure.us,US,,,
17,icio.us,US,,,
18,ss2.us,US,,,
19,aliexpress.us,US,,,
20,cctld.us,US,,,
21,band.us,US,,,
22,tiktokpangle.us,US,,,
23,rule34.us,US,,,
24,siteground.us,US,,,
25,sharepoint.us,US,,,
26,azuregov-dns.us,US,,,
27,mmsdose.us,US,,,
28,state.co.us,US,,,
29,zoomdev.us,US,,,
30,windows.us,US,,,
31,bark.us,US,,,
32,azurewebsites.us,US,,,
33,sbcloud.us,US,,,
34,binance.us,US,,,
35,microsoftonline.us,US,,,
36,govtrack.us,US,,,
37,changeip.us,US,,,
38,modo.us,US,,,
39,stake.us,US,,,
40,simplevoip.us,US,,,
41,mastercard.us,US,,,
42,azurefd.us,US,,,
43,nautil.us,US,,,
44,mitene.us,US,,,
45,3cx.us,US,,,
46,geni.us,US,,,
47,aldi.us,US,,,
48,cloud.us,US,,,
49,msidentity.us,US,,,
50,mcas-gov.us,US,,,
51,chatib.us,US,,,
52,ovh.us,US,,,
53,heartland.us,US,,,
54,disq.us,US,,,
55,them.us,US,,,
56,hp10.us,US,,,
57,systemmonitor.us,US,,,
58,shopmy.us,US,,,
59,onlinehome.us,US,,,
60,dns-tm.us,US,,,
61,edgedns-tm.us,US,,,
62,haysex.us,US,,,
63,seriemol.us,US,,,
64,regain.us,US,,,
65,coralogix.us,US,,,
66,launchdarkly.us,US,,,
67,sharepoint-mil.us,US,,,
68,paxstore.us,US,,,
69,pipopayment.us,US,,,
70,airport.us,US,,,
71,ddns.us,US,,,
72,thinkdifferent.us,US,,,
73,clark.nv.us,US,,,
74,gmx.us,US,,,
75,laroche-posay.us,US,,,
76,workstream.us,US,,,
77,tele3.us,US,,,
78,spur.us,US,,,
79,mobilize.us,US,,,
80,prettylittlething.us,US,,,
81,calvinklein.us,US,,,
82,utimaco.us,US,,,
83,armanet.us,US,,,
84,kyschools.us,US,,,
85,williamhill.us,US,,,
86,urlgeni.us,US,,,
87,cutt.us,US,,,
88,tradetalk.us,US,,,
89,bizj.us,US,,,
90,lexsynergy.us,US,,,
91,among.us,US,,,
92,metro.us,US,,,
93,silotis.us,US,,,
94,obsec.us,US,,,
95,bubbl.us,US,,,
96,seetickets.us,US,,,
97,monocul.us,US,,,
98,idep.us,US,,,
99,gmonkey.us,US,,,
100,huaren.us,US,,,
101,reolink.us,US,,,
102,sabio.us,US,,,
103,tiktokshops.us,US,,,
104,psjaisd.us,US,,,
105,state.ar.us,US,,,
106,workvivo.us,US,,,
107,nps.k12.va.us,US,,,
108,ip-51-81-226.us,US,,,
109,payrollservers.us,US,,,
110,tiktokpangle-b.us,US,,,
111,evisaform.us,US,,,
112,meshki.us,US,,,
113,state.tx.us,US,,,
114,fate-go.us,US,,,
115,dynamics365portals.us,US,,,
116,cityofnewyork.us,US,,,
117,lazurit.us,US,,,
118,office365-net.us,US,,,
119,mindtouch.us,US,,,
120,meetzoom.us,US,,,
121,state.mn.us,US,,,
122,pacourts.us,US,,,
123,bmwgroup.us,US,,,
124,poweroutage.us,US,,,
125,adfoc.us,US,,,
126,mymtm.us,US,,,
127,arlingtonva.us,US,,,
128,zpagov.us,US,,,
129,7gra.us,US,,,
130,state.or.us,US,,,
131,state.ct.us,US,,,
132,msocdn.us,US,,,
133,onedrive.us,US,,,
134,ihmc.us,US,,,
135,hivebedrock.us,US,,,
136,microsoftazure.us,US,,,
137,shelljacket.us,US,,,
138,ebay.us,US,,,
139,hennepin.us,US,,,
140,powerapps.us,US,,,
141,bri.us,US,,,
142,state.ok.us,US,,,
143,vibe.us,US,,,
144,myshlf.us,US,,,
145,state.ny.us,US,,,
146,state.mi.us,US,,,
147,myutimaco.us,US,,,
148,metal-masters.us,US,,,
149,onvio.us,US,,,
150,purple.us,US,,,
151,state.va.us,US,,,
152,ns01.us,US,,,
153,jostle.us,US,,,
154,st-augustine.fl.us,US,,,
155,talentplatform.us,US,,,
156,state.ia.us,US,,,
157,esp.k12.ar.us,US,,,
158,latinus.us,US,,,
159,freedompay.us,US,,,
160,track718.us,US,,,
161,showmethesite.us,US,,,
162,shadowserver.us,US,,,
163,rccd.cc.ca.us,US,,,
164,chatiw.us,US,,,
165,powerbigov.us,US,,,
166,applicationinsights.us,US,,,
167,365rm.us,US,,,
168,getspace.us,US,,,
169,current.us,US,,,
170,between.us,US,,,
171,myprize.us,US,,,
172,digitalnetics.us,US,,,
173,xiumi.us,US,,,
174,my3cx.us,US,,,
175,nscluster.us,US,,,
176,23andme.us,US,,,
177,stape.us,US,,,
178,market.us,US,,,
179,state.md.us,US,,,
180,xjusa.us,US,,,
181,modhub.us,US,,,
182,pagalworld.us,US,,,
183,d-pl.us,US,,,
184,honeybot.us,US,,,
185,lemon8-app.us,US,,,
186,cleansite.us,US,,,
187,openbank.us,US,,,
188,virtualvacation.us,US,,,
189,amac.us,US,,,
190,dns2.us,US,,,
191,axa-assistance.us,US,,,
192,quorum.us,US,,,
193,selless.us,US,,,
194,sidepot.us,US,,,
195,parkhill.k12.mo.us,US,,,
196,locanto.us,US,,,
197,transfermarkt.us,US,,,
198,0ps.us,US,,,
199,dlron.us,US,,,
200,pickbon.us,US,,,
201,slgnt.us,US,,,
202,state.fl.us,US,,,
203,beth.k12.pa.us,US,,,
204,gtl.us,US,,,
205,powerappsportals.us,US,,,
206,rollernet.us,US,,,
207,favoriteshoes.us,US,,,
208,legrand.us,US,,,
209,patriotpost.us,US,,,
210,network-exam.us,US,,,
211,weather.us,US,,,
212,springtest.us,US,,,
213,iniuria.us,US,,,
214,gisd.k12.mi.us,US,,,
215,state.nv.us,US,,,
216,kpmg.us,US,,,
217,httpstat.us,US,,,
218,sugar-daddies.us,US,,,
219,airfrance.us,US,,,
220,zoofilia.us,US,,,
221,cuyahogacounty.us,US,,,
222,wwwhost.us,US,,,
223,ltube.us,US,,,
224,merchantlink.us,US,,,
225,bia2anime.us,US,,,
226,casino365online.us,US,,,
227,k12.wv.us,US,,,
228,outgrow.us,US,,,
229,shell.us,US,,,
230,mekym.us,US,,,
231,adplatform.us,US,,,
232,fun8.us,US,,,
233,familywatchdog.us,US,,,
234,hnn.us,US,,,
235,multco.us,US,,,
236,kurtgeiger.us,US,,,
237,nps.k12.nj.us,US,,,
238,state.ma.us,US,,,
239,fanbinit.us,US,,,
240,muji.us,US,,,
241,bet30.us,US,,,
242,r777.us,US,,,
243,sparkedhost.us,US,,,
244,textfree.us,US,,,
245,vpdc.us,US,,,
246,electronic.us,US,,,
247,hstoday.us,US,,,
248,cdnetworks.us,US,,,
249,stockinvest.us,US,,,
250,msappproxy.us,US,,,
251,playpreman69.us,US,,,
252,pornboard.us,US,,,
253,nice77.us,US,,,
254,htvtools.us,US,,,
255,govqa.us,US,,,
256,opsgeni.us,US,,,
257,ocde.us,US,,,
258,to288bos.us,US,,,
259,tiktoklb.us,US,,,
260,mcsrvstat.us,US,,,
261,hvvc.us,US,,,
262,fastchecker.us,US,,,
263,bermainpreman69.us,US,,,
264,sukaakai123-noind1.us,US,,,
265,state.oh.us,US,,,
266,state.ga.us,US,,,
267,sandboxx.us,US,,,
268,emsmtp.us,US,,,
269,riverside.ca.us,US,,,
270,alleghenycounty.us,US,,,
271,soccerbot.us,US,,,
272,source-static.us,US,,,
273,aspect.us,US,,,
274,tiktokglobalshopv.us,US,,,
275,hostddns.us,US,,,
276,bfrl.us,US,,,
277,jeffco.us,US,,,
278,msftauthimages.us,US,,,
279,rare.us,US,,,
280,state.ks.us,US,,,
281,state.il.us,US,,,
282,basf.us,US,,,
283,clpccd.cc.ca.us,US,,,
284,skimm.us,US,,,
285,zippopotam.us,US,,,
286,state.pa.us,US,,,
287,is-by.us,US,,,
288,azure-devices.us,US,,,
289,cnusd.k12.ca.us,US,,,
290,jotform.us,US,,,
291,globalcashaccess.us,US,,,
292,qosrr.us,US,,,
293,sevengames.us,US,,,
294,bayer.us,US,,,
295,grogol.us,US,,,
296,countrystudies.us,US,,,
297,state.tn.us,US,,,
298,zep.us,US,,,
299,adiglobaldistribution.us,US,,,
300,voltie.us,US,,,
301,nssvc.us,US,,,
302,gd-ms.us,US,,,
303,money6x-com.us,US,,,
304,telephonedirectories.us,US,,,
305,sip.us,US,,,
306,ikea.us,US,,,
307,scentsy.us,US,,,
308,elead.us,US,,,
309,citrixworkspacesapi.us,US,,,
310,azure-api.us,US,,,
311,gocheck.us,US,,,
312,dns1.us,US,,,
313,cloudbreak.us,US,,,
314,clackamas.us,US,,,
315,ispservices.us,US,,,
316,srprod.us,US,,,
317,anywhereexpert.us,US,,,
318,broadvox.us,US,,,
319,tvtv.us,US,,,
320,autonat.us,US,,,
321,elaws.us,US,,,
322,ajg0702.us,US,,,
323,emvs.us,US,,,
324,ollies.us,US,,,
325,konicaminolta.us,US,,,
326,magiceden.us,US,,,
327,baesystems.us,US,,,
328,weglot.us,US,,,
329,state.wi.us,US,,,
330,msauthimages.us,US,,,
331,radio-fm.us,US,,,
332,nwsmx.us,US,,,
333,ctclink.us,US,,,
334,palmbeach.k12.fl.us,US,,,
335,idx.us,US,,,
336,policescanner.us,US,,,
337,ip-92-204-144.us,US,,,
338,yden.us,US,,,
339,7pzzv.us,US,,,
340,bnamed.us,US,,,
341,hibu.us,US,,,
342,radiogenre.us,US,,,
343,acoens.us,US,,,
344,cbre.us,US,,,
345,ispnet.us,US,,,
346,escambia.k12.fl.us,US,,,
347,vor.us,US,,,
348,ccsoh.us,US,,,
349,davis.ca.us,US,,,
350,aadrm.us,US,,,
351,spotsylvania.k12.va.us,US,,,
352,gloo.us,US,,,
353,tradeblock.us,US,,,
354,ngni.us,US,,,
355,getitfree.us,US,,,
356,washoecounty.us,US,,,
357,disturbia.us,US,,,
358,staffr.us,US,,,
359,essent.us,US,,,
360,aculo.us,US,,,
361,br53.us,US,,,
362,supporthost.us,US,,,
363,bgol.us,US,,,
364,justingredients.us,US,,,
365,grade.us,US,,,
366,ns-gd.us,US,,,
367,dreamotion.us,US,,,
368,userinterface.us,US,,,
369,atlasnetworks.us,US,,,
370,ussenate.us,US,,,
371,hostcolor.us,US,,,
372,herbrobinson.us,US,,,
373,ftec.us,US,,,
374,trkfy.us,US,,,
375,natss-aws.us,US,,,
376,state.nm.us,US,,,
377,bisd.us,US,,,
378,lordkino.us,US,,,
379,gmass.us,US,,,
380,tiny.us,US,,,
381,isharing.us,US,,,
382,psim.us,US,,,
383,endow.us,US,,,
384,tuugo.us,US,,,
385,skypeforbusiness.us,US,,,
386,clubmed.us,US,,,
387,apsva.us,US,,,
388,article-heaven.us,US,,,
389,socure.us,US,,,
390,tor.us,US,,,
391,ggusd.us,US,,,
392,movingimage.us,US,,,
393,qqcw.us,US,,,
394,nd-cdn.us,US,,,
395,alameda-coe.k12.ca.us,US,,,
396,meetautoex.us,US,,,
397,p8t.us,US,,,
398,energynews.us,US,,,
399,camillacastro.us,US,,,
400,douglas.co.us,US,,,
401,state.wv.us,US,,,
402,pitneybowes.us,US,,,
403,catf.us,US,,,
404,ip-51-81-29.us,US,,,
405,oakland.k12.mi.us,US,,,
406,vernova-dns.us,US,,,
407,rrrc.us,US,,,
408,di11.us,US,,,
409,ramseycounty.us,US,,,
410,wialon.us,US,,,
411,khealth.us,US,,,
412,smutosaur.us,US,,,
413,pronamel.us,US,,,
414,fwd.us,US,,,
415,prs.k12.nj.us,US,,,
416,enthusiastenterprises.us,US,,,
417,hsbc.us,US,,,
418,writemyessaytoday.us,US,,,
419,pwus.us,US,,,
420,ecases.us,US,,,
421,evhc.us,US,,,
422,smartmove.us,US,,,
423,kyrene.k12.az.us,US,,,
424,waitwell.us,US,,,
425,rdns.us,US,,,
426,tango.us,US,,,
427,beej.us,US,,,
428,magecomp.us,US,,,
429,123g.us,US,,,
430,progmatticai.us,US,,,
431,meisterdrucke.us,US,,,
432,blockland.us,US,,,
433,paxtechnology.us,US,,,
434,clubllondon.us,US,,,
435,autoloop.us,US,,,
436,bmls.us,US,,,
437,gainesville.fl.us,US,,,
438,recombee.us,US,,,
439,clicken.us,US,,,
440,cataloxy.us,US,,,
441,icabbi.us,US,,,
442,formpl.us,US,,,
443,digitalscores.us,US,,,
444,jdgames.us,US,,,
445,smartautosaver.us,US,,,
446,tribalwars.us,US,,,
447,miu4.k12.pa.us,US,,,
448,timecloud.us,US,,,
449,essaywriters.us,US,,,
450,membersfirst.us,US,,,
451,exoltech.us,US,,,
452,lytho.us,US,,,
453,fairfax.va.us,US,,,
454,icecap.us,US,,,
455,resova.us,US,,,
456,brandshelter.us,US,,,
457,score808.us,US,,,
458,dccouncil.us,US,,,
459,rustoria.us,US,,,
460,autoinsurancesaver.us,US,,,
461,bootleggers.us,US,,,
462,state.ky.us,US,,,
463,mcapi.us,US,,,
464,state.ne.us,US,,,
465,chino.k12.ca.us,US,,,
466,sanofi.us,US,,,
467,cityofvancouver.us,US,,,
468,sexvn.us,US,,,
469,mailstat.us,US,,,
470,learn-zoom.us,US,,,
471,aurora.il.us,US,,,
472,avosapps.us,US,,,
473,state.nj.us,US,,,
474,bcpao.us,US,,,
475,canopy.us,US,,,
476,dsusd.us,US,,,
477,hostingpoint.us,US,,,
478,forpsi.us,US,,,
479,warframestat.us,US,,,
480,awardspace.us,US,,,
481,newton.k12.ma.us,US,,,
482,4yo.us,US,,,
483,omlet.us,US,,,
484,mls.lib.ok.us,US,,,
485,kings.k12.ca.us,US,,,
486,ioos.us,US,,,
487,clarkcountycourts.us,US,,,
488,vidlo.us,US,,,
489,kyrieirvingshoes.us,US,,,
490,clackesd.k12.or.us,US,,,
491,scottcountyiowa.us,US,,,
492,greenpan.us,US,,,
493,medidata.us,US,,,
494,state.lib.la.us,US,,,
495,spectator.us,US,,,
496,gotsoccer.us,US,,,
497,yunnansourcing.us,US,,,
498,kinoffond.us,US,,,
499,skynettechnologies.us,US,,,
500,instapl.us,US,,,
501,peek.us,US,,,
502,phpnet.us,US,,,
503,nic.us,US,,,
504,lowee.us,US,,,
505,lendingcloud.us,US,,,
506,k12itc.us,US,,,
507,pionex.us,US,,,
508,nhusd.k12.ca.us,US,,,
509,betflix-slot.us,US,,,
510,azure-apihub.us,US,,,
511,yoble.us,US,,,
512,fc2blog.us,US,,,
513,kodansha.us,US,,,
514,socialive.us,US,,,
515,seeticketsusa.us,US,,,
516,lastation.us,US,,,
517,sol.us,US,,,
518,ucld.us,US,,,
519,secretclass.us,US,,,
520,kern.ca.us,US,,,
521,bcrank.us,US,,,
522,crctransport.us,US,,,
523,netswork.us,US,,,
524,fandom-dev.us,US,,,
525,legal-rights.us,US,,,
526,colibrim.us,US,,,
527,weddingwire.us,US,,,
528,aptera.us,US,,,
529,keepersecurity.us,US,,,
530,brevardclerk.us,US,,,
531,sharemania.us,US,,,
532,wagestream.us,US,,,
533,getsol.us,US,,,
534,obbdownload.us,US,,,
535,steamstat.us,US,,,
536,mesacounty.us,US,,,
537,tommangan.us,US,,,
538,k12.hi.us,US,,,
539,brucebolt.us,US,,,
540,getb8.us,US,,,
541,esfvape.us,US,,,
542,tamlinh247.us,US,,,
543,bby.us,US,,,
544,uapeer.us,US,,,
545,iberia.k12.la.us,US,,,
546,myboca.us,US,,,
547,state.la.us,US,,,
548,conagrabrands.us,US,,,
549,nixle.us,US,,,
550,ftx.us,US,,,
551,securedocex.us,US,,,
552,greenville.k12.sc.us,US,,,
553,dojour.us,US,,,
554,avenue.us,US,,,
555,myuc.us,US,,,
556,palegis.us,US,,,
557,appsplatform.us,US,,,
558,brps.k12.mi.us,US,,,
559,vinfastauto.us,US,,,
560,archerirm.us,US,,,
561,k12.ri.us,US,,,
562,hampton.k12.va.us,US,,,
563,ocde.k12.ca.us,US,,,
564,sbcss.k12.ca.us,US,,,
565,urldefense.us,US,,,
566,vreme.us,US,,,
567,nn.k12.va.us,US,,,
568,csid.us,US,,,
569,qmenu.us,US,,,
570,cholitas.us,US,,,
571,microsoftdynamics.us,US,,,
572,healthefx.us,US,,,
573,comano.us,US,,,
574,iiwiki.us,US,,,
575,outcast-clothing.us,US,,,
576,mesd.us,US,,,
577,pittsburgh.pa.us,US,,,
578,lycamobile.us,US,,,
579,kissmebet.us,US,,,
580,planeptune.us,US,,,
581,8df.us,US,,,
582,airwick.us,US,,,
583,sanmateo.ca.us,US,,,
584,medicube.us,US,,,
585,bapehoodie.us,US,,,
586,salkeiz.k12.or.us,US,,,
587,fullhdfilm.us,US,,,
588,rb-sunglasses.us,US,,,
589,whatcomcounty.us,US,,,
590,videplay.us,US,,,
591,banlong.us,US,,,
592,atlantapublicschools.us,US,,,
593,ccps.us,US,,,
594,emakina.us,US,,,
595,davis.k12.ut.us,US,,,
596,realestateadvertiser.us,US,,,
597,govskope.us,US,,,
598,microransom.us,US,,,
599,empire-js.us,US,,,
600,ellos.us,US,,,
601,vidcdn.us,US,,,
602,nacogdoches.k12.tx.us,US,,,
603,next.us,US,,,
604,robertgraham.us,US,,,
605,karaca.us,US,,,
606,gpreport.us,US,,,
607,navihealth.us,US,,,
608,madera.k12.ca.us,US,,,
609,wincoil.us,US,,,
610,forvismazars.us,US,,,
611,allslotgame789.us,US,,,
612,madely.us,US,,,
613,cabarrus.k12.nc.us,US,,,
614,ocps.k12.fl.us,US,,,
615,ravensburger.us,US,,,
616,cloudns.us,US,,,
617,sausd.us,US,,,
618,getzoot.us,US,,,
619,clapper.us,US,,,
620,henrico.us,US,,,
621,grindhousekodi.us,US,,,
622,kernl.us,US,,,
623,rinnai.us,US,,,
624,valentino-beauty.us,US,,,
625,replicant.us,US,,,
626,kcmsd.k12.mo.us,US,,,
627,floranet.us,US,,,
628,hammond.k12.in.us,US,,,
629,softseven.us,US,,,
630,alachuacounty.us,US,,,
631,appiancloud.us,US,,,
632,b5p.us,US,,,
633,my-servers.us,US,,,
634,tsc.k12.in.us,US,,,
635,uslbm.us,US,,,
636,patentstorm.us,US,,,
637,state.ak.us,US,,,
638,pasco.k12.fl.us,US,,,
639,purplesec.us,US,,,
640,easyautopolicy.us,US,,,
641,naga889alt.us,US,,,
642,kibology.us,US,,,
643,dearborndenim.us,US,,,
644,noind1-polo.us,US,,,
645,sukaakai123-noind3.us,US,,,
646,noip.us,US,,,
647,kingmamen123.us,US,,,
648,dooods.us,US,,,
649,parksproject.us,US,,,
650,pixomatic.us,US,,,
651,1qw.us,US,,,
652,represent.us,US,,,
653,elangwin1.us,US,,,
654,halatokekwin.us,US,,,
655,kitanonton.us,US,,,
656,koin55alt.us,US,,,
657,mykijangwin.us,US,,,
658,phimhdcsub.us,US,,,
659,sarangpreman69.us,US,,,
660,sukaakai123-noind2.us,US,,,
661,vegamovies-nl.us,US,,,
662,kinolord.us,US,,,
663,wisd.us,US,,,
664,opendi.us,US,,,
665,kesselrun.us,US,,,
666,secure-24.us,US,,,
667,kolobok.us,US,,,
668,sfusd.k12.ca.us,US,,,
669,russellwestbrookshoes.us,US,,,
670,nasm.us,US,,,
671,about.us,US,,,
672,seastrom.us,US,,,
673,bnds.us,US,,,
674,sunovion.us,US,,,
675,lblesd.k12.or.us,US,,,
676,satelliteguys.us,US,,,
677,realestatebutter.us,US,,,
678,nexweb.us,US,,,
679,getjob.us,US,,,
680,multiband.us,US,,,
681,proxyjudge.us,US,,,
682,alienvault.us,US,,,
683,openvault.us,US,,,
684,acenet.us,US,,,
685,state.ut.us,US,,,
686,emarsys.us,US,,,
687,advance-esthetic.us,US,,,
688,myjaxxwallet.us,US,,,
689,findic.us,US,,,
690,elvicities4.us,US,,,
691,seriallord.us,US,,,
692,ginsystem.us,US,,,
693,azure-devices-provisioning.us,US,,,
694,technip.us,US,,,
695,ana-pocket.us,US,,,
696,revue.us,US,,,
697,emonitor.us,US,,,
698,enpro.us,US,,,
699,netpark.us,US,,,
700,helphub.us,US,,,
701,okaloosa.k12.fl.us,US,,,
702,walmrt.us,US,,,
703,sexyblackwomen.us,US,,,
704,fruugo.us,US,,,
705,filmslord.us,US,,,
706,bluenotary.us,US,,,
707,enchor.us,US,,,
708,bahai.us,US,,,
709,pointto.us,US,,,
710,clovisusd.k12.ca.us,US,,,
711,matsuk12.us,US,,,
712,hlpusd.k12.ca.us,US,,,
713,activate-paypal.us,US,,,
714,ekn.us,US,,,
715,optilink.us,US,,,
716,b2i.us,US,,,
717,imoim.us,US,,,
718,bromantane.us,US,,,
719,reliabledesign.us,US,,,
720,iwhd.us,US,,,
721,lowincomehousing.us,US,,,
722,6bc.us,US,,,
723,datanerd.us,US,,,
724,lidl.us,US,,,
725,hstv.us,US,,,
726,graph.us,US,,,
727,cms.k12.nc.us,US,,,
728,sapns2.us,US,,,
729,ties.k12.mn.us,US,,,
730,appliedtech.us,US,,,
731,champsorchumps.us,US,,,
732,streams.us,US,,,
733,fireangel.us,US,,,
734,pretavoir.us,US,,,
735,s365.us,US,,,
736,cloudlab.us,US,,,
737,transend.us,US,,,
738,zirk.us,US,,,
739,donottrack.us,US,,,
740,visla.us,US,,,
741,airchina.us,US,,,
742,rpdy.us,US,,,
743,state.sc.us,US,,,
744,thepi.us,US,,,
745,1d4.us,US,,,
746,wikibio.us,US,,,
747,diyhpl.us,US,,,
748,poland.us,US,,,
749,novig.us,US,,,
750,glsuite.us,US,,,
751,charleston.k12.sc.us,US,,,
752,gen.oh.us,US,,,
753,michels.us,US,,,
754,cps.k12.il.us,US,,,
755,lasertron.us,US,,,
756,offermate.us,US,,,
757,lordfilm.us,US,,,
758,absatellite.us,US,,,
759,prodirectsport.us,US,,,
760,thefulcrum.us,US,,,
761,ns-boa.us,US,,,
762,webexgov.us,US,,,
763,kratos.us,US,,,
764,liveleads.us,US,,,
765,rtafleet.us,US,,,
766,ultrasurf.us,US,,,
767,boulder.co.us,US,,,
768,guildmortgage.us,US,,,
769,min.us,US,,,
770,sharpnecdisplays.us,US,,,
771,parsons.us,US,,,
772,carrierhouse.us,US,,,
773,maconbibb.us,US,,,
774,6sigma.us,US,,,
775,ahfc.us,US,,,
776,gazduire.us,US,,,
777,incrowdsports.us,US,,,
778,minted.us,US,,,
779,clothesforyourson.us,US,,,
780,racktools.us,US,,,
781,wvde.us,US,,,
782,mikecoles.us,US,,,
783,hidalgocounty.us,US,,,
784,boltx.us,US,,,
785,kellyservices.us,US,,,
786,w-net.us,US,,,
787,state.nc.us,US,,,
788,net10.us,US,,,
789,tusd.k12.az.us,US,,,
790,nclack.k12.or.us,US,,,
791,computerrehab.us,US,,,
792,firsttuesday.us,US,,,
793,slv.k12.ca.us,US,,,
794,maisonmargiela-fragrances.us,US,,,
795,winzogames.us,US,,,
796,bosch.us,US,,,
797,publicsearch.us,US,,,
798,la.ca.us,US,,,
799,wecultivate.us,US,,,
800,finesse.us,US,,,
801,earthpoint.us,US,,,
802,swindsor.k12.ct.us,US,,,
803,perfectunion.us,US,,,
804,voz.us,US,,,
805,ddns25.us,US,,,
806,benomad.us,US,,,
807,mygeekbox.us,US,,,
808,usacloudserver.us,US,,,
809,webpoint.us,US,,,
810,newcaterpillarequipment.us,US,,,
811,bigclosetr.us,US,,,
812,crowdcats.us,US,,,
813,pinelabs.us,US,,,
814,buondua.us,US,,,
815,qu-ax.us,US,,,
816,column.us,US,,,
817,sportradar.us,US,,,
818,kyrie5spongebob.us,US,,,
819,palo-alto.ca.us,US,,,
820,facebook.us,US,,,
821,windowsazure.us,US,,,
822,kinotik.us,US,,,
823,frostedflakes.us,US,,,
824,pinwheel.us,US,,,
825,odilo.us,US,,,
826,zbook.us,US,,,
827,wallboard.us,US,,,
828,cabarruscounty.us,US,,,
829,gpaea.k12.ia.us,US,,,
830,codemeter.us,US,,,
831,psusd.us,US,,,
832,badaovl.us,US,,,
833,xilo.us,US,,,
834,grohe.us,US,,,
835,isailor.us,US,,,
836,stephcurry.us,US,,,
837,squad.us,US,,,
838,123net.us,US,,,
839,ahmsg.us,US,,,
840,setiusa.us,US,,,
841,smcoe.k12.ca.us,US,,,
842,fresno.ca.us,US,,,
843,wsfcs.k12.nc.us,US,,,
844,upbitit.us,US,,,
845,stormportal.us,US,,,
846,cheapjordan.us,US,,,
847,onmicrosoft.us,US,,,
848,nikeoutletstoreonlineshopping.us,US,,,
849,linkz.us,US,,,
850,audnex.us,US,,,
851,daily-horoscope.us,US,,,
852,hcs.k12.sc.us,US,,,
853,sjcfl.us,US,,,
854,snagtights.us,US,,,
855,cougardatingsites.us,US,,,
856,bram.us,US,,,
857,wallingford.k12.ct.us,US,,,
858,wcps.k12.md.us,US,,,
859,k12.sd.us,US,,,
860,geekspeed.us,US,,,
861,flokii.us,US,,,
862,invidio.us,US,,,
863,inspiringquotes.us,US,,,
864,undef.us,US,,,
865,autoremind.us,US,,,
866,heidelbergmaterials.us,US,,,
867,brandis.us,US,,,
868,mikr.us,US,,,
869,drud.us,US,,,
870,evolo.us,US,,,
871,networkcontagion.us,US,,,
872,as51514.us,US,,,
873,ruralhealth.us,US,,,
874,craftsports.us,US,,,
875,troy.k12.oh.us,US,,,
876,paycon.us,US,,,
877,prosn.us,US,,,
878,tlpy.us,US,,,
879,newshounds.us,US,,,
880,google-pluft.us,US,,,
881,merced.ca.us,US,,,
882,pishop.us,US,,,
883,sbdunk.us,US,,,
884,edcgov.us,US,,,
885,touchtown.us,US,,,
886,krgr.us,US,,,
887,mywic.us,US,,,
888,kcsd.k12.pa.us,US,,,
889,feuniverse.us,US,,,
890,yakimacounty.us,US,,,
891,uplay.us,US,,,
892,blueowl.us,US,,,
893,giannisantetokounmposhoes.us,US,,,
894,dns1.k12.or.us,US,,,
895,sflow.us,US,,,
896,kd-shoes.us,US,,,
897,fastleanprobuynow.us,US,,,
898,plbb.us,US,,,
899,ivn.us,US,,,
900,seo-experts.us,US,,,
901,thesoundofvinyl.us,US,,,
902,mytroop.us,US,,,
903,vusd.k12.ca.us,US,,,
904,compudent.us,US,,,
905,lausd.k12.ca.us,US,,,
906,parkmobile.us,US,,,
907,aisecret.us,US,,,
908,show-low.k12.az.us,US,,,
909,onlinecasinoindex.us,US,,,
910,tonkiang.us,US,,,
911,miracosta.cc.ca.us,US,,,
912,brevard.k12.fl.us,US,,,
913,wellpath.us,US,,,
914,childcarecenter.us,US,,,
915,jordan1shoes.us,US,,,
916,account-paypal.us,US,,,
917,espnfc.us,US,,,
918,casino.us,US,,,
919,state.al.us,US,,,
920,meloxicam20.us,US,,,
921,kd13shoes.us,US,,,
922,sonichealth.us,US,,,
923,bentonville.k12.ar.us,US,,,
924,rampedup.us,US,,,
925,vivaro.us,US,,,
926,bathing-ape.us,US,,,
927,hairbiology.us,US,,,
928,aea9.k12.ia.us,US,,,
929,newsmagazines.us,US,,,
930,superonline.us,US,,,
931,monin.us,US,,,
932,pwlrintl.us,US,,,
933,worldcastdns.us,US,,,
934,buynowbutton.us,US,,,
935,firstpeople.us,US,,,
936,volvotrucks.us,US,,,
937,staked.us,US,,,
938,abmcloud.us,US,,,
939,fortbend.lib.tx.us,US,,,
940,offwhitehoodies.us,US,,,
941,bvsd.k12.co.us,US,,,
942,mgmonlinecasino.us,US,,,
943,medicom.us,US,,,
944,catcottage.us,US,,,
945,openingceremony.us,US,,,
946,cloudstaging.us,US,,,
947,carclasses.us,US,,,
948,mysurl.us,US,,,
949,iwi.us,US,,,
950,nmusd.us,US,,,
951,create-learn.us,US,,,
952,kyoceradocumentsolutions.us,US,,,
953,kyrie7shoes.us,US,,,
954,kyrie7.us,US,,,
955,harrison.k12.co.us,US,,,
956,careerengine.us,US,,,
957,phxhs.k12.az.us,US,,,
958,archeofutur.us,US,,,
959,care2.us,US,,,
960,myfw.us,US,,,
961,mygov.us,US,,,
962,cpsd.us,US,,,
963,manchester.mo.us,US,,,
964,tiktoklinksafety.us,US,,,
965,na9vy.us,US,,,
966,mgwnet.us,US,,,
967,monterey.k12.ca.us,US,,,
968,phil.us,US,,,
969,lincolnproject.us,US,,,
970,santa-cruz.ca.us,US,,,
971,zayo.us,US,,,
972,localknowledge.us,US,,,
973,sbcjc.cc.ms.us,US,,,
974,phonesex.us,US,,,
975,studysmarter.us,US,,,
976,8eurk2.us,US,,,
977,bape-clothing.us,US,,,
978,adcomp.us,US,,,
979,rain.us,US,,,
980,esu.k12.oh.us,US,,,
981,asurascans.us,US,,,
982,byorn.us,US,,,
983,liveramp.us,US,,,
984,caratlane.us,US,,,
985,cockburn.us,US,,,
986,proc-dotgov.us,US,,,
987,dsshideout.us,US,,,
988,evergoods.us,US,,,
989,denofgeek.us,US,,,
990,azure-automation.us,US,,,
991,hernandocounty.us,US,,,
992,videycdn.us,US,,,
993,auhsd.us,US,,,
994,metawin.us,US,,,
995,nestleprofessional.us,US,,,
996,hp8.us,US,,,
997,esvc.us,US,,,
998,nfsq.us,US,,,
999,avlabs.us,US,,,
1000,aps.us,US,,,
1001,pwintl.us,US,,,
1002,lexic.us,US,,,
1003,atlasrust.us,US,,,
1004,jeffco.k12.co.us,US,,,
1005,xnameserver.us,US,,,
1006,renai.us,US,,,
1007,ekcs.us,US,,,
1008,alipac.us,US,,,
1009,onehack.us,US,,,
1010,thesoc.us,US,,,
1011,zota.us,US,,,
1012,simonmed.us,US,,,
1013,9en.us,US,,,
1014,procycle.us,US,,,
1015,flinstonees.us,US,,,
1016,lesd.k12.or.us,US,,,
1017,pax.us,US,,,
1018,playmod.us,US,,,
1019,newtype.us,US,,,
1020,lcwc911.us,US,,,
1021,oncallhealth.us,US,,,
1022,mailhop.us,US,,,
1023,ahschools.us,US,,,
1024,platterp.us,US,,,
1025,secureforms.us,US,,,
1026,turktorrent.us,US,,,
1027,ggusd.k12.ca.us,US,,,
1028,admin-mcas-gov.us,US,,,
1029,sistaco.us,US,,,
1030,jacadi.us,US,,,
1031,quuax.us,US,,,
1032,milwaukee.k12.wi.us,US,,,
1033,doedns.us,US,,,
1034,fwcs.k12.in.us,US,,,
1035,economicliberties.us,US,,,
1036,mago-server.us,US,,,
1037,kstv.us,US,,,
1038,animaze.us,US,,,
1039,print-screen.us,US,,,
1040,zipleaf.us,US,,,
1041,state.az.us,US,,,
1042,jukeboxy.us,US,,,
1043,kofiletech.us,US,,,
1044,roseville.ca.us,US,,,
1045,vnish.us,US,,,
1046,bellsofsteel.us,US,,,
1047,beyondstyle.us,US,,,
1048,tvi.cc.nm.us,US,,,
1049,bertina.us,US,,,
1050,mailgun.us,US,,,
1051,townsends.us,US,,,
1052,pacificorp.us,US,,,
1053,filmolord.us,US,,,
1054,freeddns.us,US,,,
1055,apogee.us,US,,,
1056,revcom.us,US,,,
1057,masteram.us,US,,,
1058,whitewomenblackmen.us,US,,,
1059,viaonlinebuy.us,US,,,
1060,wvmccd.cc.ca.us,US,,,
1061,schoolfusion.us,US,,,
1062,superomatic.us,US,,,
1063,oak-park.us,US,,,
1064,lesd.k12.az.us,US,,,
1065,thatsverys.us,US,,,
1066,palantirgov.us,US,,,
1067,accountable.us,US,,,
1068,gennet.us,US,,,
1069,nightcrawlerhosts.us,US,,,
1070,ldpc.us,US,,,
1071,gradual.us,US,,,
1072,dishtech.us,US,,,
1073,0gb.us,US,,,
1074,tustin.k12.ca.us,US,,,
1075,mcla.us,US,,,
1076,uipath.us,US,,,
1077,pueblo.us,US,,,
1078,unitedporte.us,US,,,
1079,utc.us,US,,,
1080,liveapps.us,US,,,
1081,magazineshop.us,US,,,
1082,pixls.us,US,,,
1083,mircloud.us,US,,,
1084,state.in.us,US,,,
1085,progressamerica.us,US,,,
1086,serverroom.us,US,,,
1087,onlin.us,US,,,
1088,voyagernetz.us,US,,,
1089,itcurves.us,US,,,
1090,newpages.us,US,,,
1091,luckyslots.us,US,,,
1092,hospnet.us,US,,,
1093,bitcontrol.us,US,,,
1094,monclerjackets.us,US,,,
1095,k12.de.us,US,,,
1096,mercer.us,US,,,
1097,hernandopa-fl.us,US,,,
1098,dnsonline.us,US,,,
1099,keystonedns.us,US,,,
1100,aspone.us,US,,,
1101,pusd.us,US,,,
1102,timehut.us,US,,,
1103,lbusd.k12.ca.us,US,,,
1104,sentinelblue.us,US,,,
1105,cipherspace.us,US,,,
1106,richardson.k12.tx.us,US,,,
1107,worldanimalprotection.us,US,,,
1108,mir.us,US,,,
1109,missoulacounty.us,US,,,
1110,whsd.k12.pa.us,US,,,
1111,visionvisacard.us,US,,,
1112,ipacct.us,US,,,
1113,freewebads.us,US,,,
1114,radsource.us,US,,,
1115,rcoe.k12.ca.us,US,,,
1116,asnic.us,US,,,
1117,royalcanin.us,US,,,
1118,logotyp.us,US,,,
1119,uwumarket.us,US,,,
1120,blackholes.us,US,,,
1121,cupl.us,US,,,
1122,misterguitar.us,US,,,
1123,trads.us,US,,,
1124,bada.us,US,,,
1125,hban.us,US,,,
1126,resnet.us,US,,,
1127,mpls.k12.mn.us,US,,,
1128,bau-ha.us,US,,,
1129,calvertnet.k12.md.us,US,,,
1130,lwdh.us,US,,,
1131,cccoe.k12.ca.us,US,,,
1132,metalshop.us,US,,,
1133,thegolfgear.us,US,,,
1134,twitterstat.us,US,,,
1135,kushikushi.us,US,,,
1136,blemblem.us,US,,,
1137,moonspin.us,US,,,
1138,avisonyoung.us,US,,,
1139,carrmedia.us,US,,,
1140,alachua.fl.us,US,,,
1141,wrkstrm.us,US,,,
1142,ivs.us,US,,,
1143,capuchinodns.us,US,,,
1144,sdhc.k12.fl.us,US,,,
1145,dematic.us,US,,,
1146,clasher.us,US,,,
1147,classit.us,US,,,
1148,leit.us,US,,,
1149,hycraft.us,US,,,
1150,duia.us,US,,,
1151,courtrecords.us,US,,,
1152,freerangeamerican.us,US,,,
1153,climatepower.us,US,,,
1154,cabura.us,US,,,
1155,waterford.k12.mi.us,US,,,
1156,vcss.k12.ca.us,US,,,
1157,phila.k12.pa.us,US,,,
1158,handgunlaw.us,US,,,
1159,bonnemaman.us,US,,,
1160,daiwa.us,US,,,
1161,azmtool.us,US,,,
1162,klinklan.us,US,,,
1163,manaton.us,US,,,
1164,ragnaar.us,US,,,
1165,ogidoil.us,US,,,
1166,trackerdesigns.us,US,,,
1167,andoverma.us,US,,,
1168,minimini.us,US,,,
1169,monroeisd.us,US,,,
1170,mcserver.us,US,,,
1171,allseries.us,US,,,
1172,yourbankcard.us,US,,,
1173,pbui.us,US,,,
1174,abbott.us,US,,,
1175,ccisd.us,US,,,
1176,harper.cc.il.us,US,,,
1177,nsb.lib.md.us,US,,,
1178,nsa.lib.md.us,US,,,
1179,nsc.lib.md.us,US,,,
1180,viega.us,US,,,
1181,threepiece.us,US,,,
1182,sitetag.us,US,,,
1183,aclib.us,US,,,
1184,dove.us,US,,,
1185,weaselzippers.us,US,,,
1186,ciotech.us,US,,,
1187,moft.us,US,,,
1188,cityofrc.us,US,,,
1189,doe.k12.ga.us,US,,,
1190,dmps.k12.ia.us,US,,,
1191,testplus.us,US,,,
1192,evercast.us,US,,,
1193,fun88vn.us,US,,,
1194,caltel.us,US,,,
1195,ahpc.us,US,,,
1196,creadevents.us,US,,,
1197,maxabout.us,US,,,
1198,docos.us,US,,,
1199,infinit-dns.us,US,,,
1200,cgt.us,US,,,
1201,riotgames.us,US,,,
1202,bespoke-creations.us,US,,,
1203,codacloud.us,US,,,
1204,herocosmetics.us,US,,,
1205,confuci.us,US,,,
1206,lighthouseit.us,US,,,
1207,idocdelta.us,US,,,
1208,ecisd.us,US,,,
1209,vlxx88.us,US,,,
1210,rcs.k12.va.us,US,,,
1211,xrl.us,US,,,
1212,h50.us,US,,,
1213,biomedres.us,US,,,
1214,prosperman.us,US,,,
1215,kedplasma.us,US,,,
1216,columbus.k12.oh.us,US,,,
1217,vlib.us,US,,,
1218,ioerror.us,US,,,
1219,myfin.us,US,,,
1220,frenchly.us,US,,,
1221,frontendfoc.us,US,,,
1222,okhosting.us,US,,,
1223,smarteco.us,US,,,
1224,emailsupport.us,US,,,
1225,lotteryinformation.us,US,,,
1226,veolia.us,US,,,
1227,lordfilmsx.us,US,,,
1228,codecrew.us,US,,,
1229,jpclerkofcourt.us,US,,,
1230,rexdb.us,US,,,
1231,transcorpoil.us,US,,,
1232,superteachertools.us,US,,,
1233,glock.us,US,,,
1234,seedtime.us,US,,,
1235,10lowkey.us,US,,,
1236,myutility.us,US,,,
1237,aglive.us,US,,,
1238,henricoschools.us,US,,,
1239,offwhites.us,US,,,
1240,harryy.us,US,,,
1241,corteva.us,US,,,
1242,cproxy.us,US,,,
1243,hiig.us,US,,,
1244,materialio.us,US,,,
1245,aimpoint.us,US,,,
1246,kcgov.us,US,,,
1247,onenotary.us,US,,,
1248,hipaaserver2.us,US,,,
1249,siar.us,US,,,
1250,portalfoxmix.us,US,,,
1251,k5n.us,US,,,
1252,megacloud.us,US,,,
1253,lutz.us,US,,,
1254,idangero.us,US,,,
1255,pitt.k12.nc.us,US,,,
1256,eonline.us,US,,,
1257,w88vn.us,US,,,
1258,click2pay.us,US,,,
1259,tysobongda.us,US,,,
1260,welcome.us,US,,,
1261,originally.us,US,,,
1262,annihil.us,US,,,
1263,coolstreaming.us,US,,,
1264,mnstate.us,US,,,
1265,aea267.k12.ia.us,US,,,
1266,fnw.us,US,,,
1267,meteora.us,US,,,
1268,technipenergies.us,US,,,
1269,fjclwz.us,US,,,
1270,migraconnect.us,US,,,
1271,thedream.us,US,,,
1272,hcrt.us,US,,,
1273,tiktok-minis.us,US,,,
1274,geotabgov.us,US,,,
1275,literatura.us,US,,,
1276,saratoga.ca.us,US,,,
1277,curry-6.us,US,,,
1278,teehobbies.us,US,,,
1279,sarasota.k12.fl.us,US,,,
1280,bravebooks.us,US,,,
1281,sbcsc.k12.in.us,US,,,
1282,hrtldev.us,US,,,
1283,easy-clothes.us,US,,,
1284,cfrinc.us,US,,,
1285,gasupreme.us,US,,,
1286,getvr.us,US,,,
1287,gigabyte.us,US,,,
1288,securamax.us,US,,,
1289,worldpay.us,US,,,
1290,archat.us,US,,,
1291,doapi.us,US,,,
1292,wlwv.k12.or.us,US,,,
1293,sw-motech.us,US,,,
1294,nedapnow.us,US,,,
1295,yosemite.cc.ca.us,US,,,
1296,hostever.us,US,,,
1297,ngfcu.us,US,,,
1298,centric.us,US,,,
1299,1and1-dns.us,US,,,
1300,afrldle.us,US,,,
1301,flyer.us,US,,,
1302,buncombe.nc.us,US,,,
1303,lsgov.us,US,,,
1304,grandseikoboutique.us,US,,,
1305,stjohn.k12.la.us,US,,,
1306,tolling.us,US,,,
1307,yaycasino.us,US,,,
1308,selectmotorcar.us,US,,,
1309,biketoworkday.us,US,,,
1310,zurka.us,US,,,
1311,sualize.us,US,,,
1312,tazewell.k12.va.us,US,,,
1313,euca.us,US,,,
1314,quixe.us,US,,,
1315,hibot.us,US,,,
1316,durango.k12.co.us,US,,,
1317,explore.us,US,,,
1318,rcoe.us,US,,,
1319,appheaven.us,US,,,
1320,tempe3.k12.az.us,US,,,
1321,heraldopenaccess.us,US,,,
1322,dsusd.k12.ca.us,US,,,
1323,anytune.us,US,,,
1324,smuhsd.k12.ca.us,US,,,
1325,prismhr.us,US,,,
1326,bakersfieldcity.us,US,,,
1327,dishtechbeta.us,US,,,
1328,7cav.us,US,,,
1329,erectionclub.us,US,,,
1330,dn42.us,US,,,
1331,bluevirginia.us,US,,,
1332,madison.k12.wi.us,US,,,
1333,celebrex22.us,US,,,
1334,sf.ca.us,US,,,
1335,arcanix.us,US,,,
1336,autorio.us,US,,,
1337,beneficiosbrad.us,US,,,
1338,catalysex.us,US,,,
1339,centaurusx.us,US,,,
1340,cognitix.us,US,,,
1341,dorianx.us,US,,,
1342,ospi.k12.wa.us,US,,,
1343,clustereddns.us,US,,,
1344,dustydog.us,US,,,
1345,enscaled.us,US,,,
1346,freevpn.us,US,,,
1347,groundfloor.us,US,,,
1348,thehotline.us,US,,,
1349,payrollpl.us,US,,,
1350,g-portal.us,US,,,
1351,fl3xx.us,US,,,
1352,imgpics.us,US,,,
1353,freestylelibre.us,US,,,
1354,nwac.us,US,,,
1355,fatv.us,US,,,
1356,telesystem.us,US,,,
1357,weblogs.us,US,,,
1358,kpbsd.k12.ak.us,US,,,
1359,wordguru.us,US,,,
1360,gdriveplayer.us,US,,,
1361,cvusd.us,US,,,
1362,kioxia.us,US,,,
1363,billyj.us,US,,,
1364,manhuascan.us,US,,,
1365,othership.us,US,,,
1366,oside.us,US,,,
1367,coloplast.us,US,,,
1368,unosms.us,US,,,
1369,pingpong.us,US,,,
1370,curry-8.us,US,,,
1371,careertracker.us,US,,,
1372,schneider-electric.us,US,,,
1373,spectrumnet.us,US,,,
1374,nn13.us,US,,,
1375,weber.k12.ut.us,US,,,
1376,buscalibre.us,US,,,
1377,linefriendssquare.us,US,,,
1378,pps.k12.va.us,US,,,
1379,isny.us,US,,,
1380,ip-135-148-105.us,US,,,
1381,mozz.us,US,,,
1382,clubup.us,US,,,
1383,novo.us,US,,,
1384,leagueoflegends.us,US,,,
1385,limitlesshost.us,US,,,
1386,traditionalvalues.us,US,,,
1387,leblancnet.us,US,,,
1388,ehost.us,US,,,
1389,presidentiallibraries.us,US,,,
1390,acalanes.k12.ca.us,US,,,
1391,campl.us,US,,,
1392,goyardshandbag.us,US,,,
1393,livecad.us,US,,,
1394,bluejaycard.us,US,,,
1395,xdailynews.us,US,,,
1396,dotcom-monitor.us,US,,,
1397,sweetdays.us,US,,,
1398,saydel.k12.ia.us,US,,,
1399,thememorypalace.us,US,,,
1400,ccsd.k12.wy.us,US,,,
1401,feministe.us,US,,,
1402,livebongda.us,US,,,
1403,catit.us,US,,,
1404,datatel.us,US,,,
1405,game-flex.us,US,,,
1406,powerdesigninc.us,US,,,
1407,chds.us,US,,,
1408,tnac.us,US,,,
1409,topdon.us,US,,,
1410,matsugov.us,US,,,
1411,pressfreedomtracker.us,US,,,
1412,firstview.us,US,,,
1413,mass-times.us,US,,,
1414,k12.nd.us,US,,,
1415,isg.us,US,,,
1416,tillamook.k12.or.us,US,,,
1417,launchcontrol.us,US,,,
1418,grcity.us,US,,,
1419,heroic.us,US,,,
1420,erection24h.us,US,,,
1421,awsdns-us-gov-45.us,US,,,
1422,lactalis.us,US,,,
1423,microsdc.us,US,,,
1424,avpnet.us,US,,,
1425,stjohns.k12.fl.us,US,,,
1426,aztec.us,US,,,
1427,shopeeslot.us,US,,,
1428,hexdom.us,US,,,
1429,monevo.us,US,,,
1430,slusd.us,US,,,
1431,caterpillarheavyequipment.us,US,,,
1432,jordanshoes.us,US,,,
1433,bidnow.us,US,,,
1434,santa-clara.ca.us,US,,,
1435,fyv.us,US,,,
1436,tbaisd.k12.mi.us,US,,,
1437,projectcorvette.us,US,,,
1438,cortextech.us,US,,,
1439,webcounter.us,US,,,
1440,coolstyle.us,US,,,
1441,rovio.us,US,,,
1442,giuseppe-zanotti.us,US,,,
1443,rusdate.us,US,,,
1444,consulting.us,US,,,
1445,orange.k12.nj.us,US,,,
1446,off-whites.us,US,,,
1447,nmcdn.us,US,,,
1448,mateba.us,US,,,
1449,fairfield.k12.tx.us,US,,,
1450,centralmoloneyinc.us,US,,,
1451,kmbs.us,US,,,
1452,dohost.us,US,,,
1453,main.nc.us,US,,,
1454,allegheny.pa.us,US,,,
1455,epsonprintersupportpro.us,US,,,
1456,alt-market.us,US,,,
1457,ppms.us,US,,,
1458,fishbase.us,US,,,
1459,webcentrex.us,US,,,
1460,eaglecounty.us,US,,,
1461,trackingpremium.us,US,,,
1462,bekm.us,US,,,
1463,ourhouse.us,US,,,
1464,pholoh.us,US,,,
1465,summit.k12.nj.us,US,,,
1466,affinitymagazine.us,US,,,
1467,syairjitu.us,US,,,
1468,quantdata.us,US,,,
1469,ascendtech.us,US,,,
1470,hsphere.us,US,,,
1471,summit7.us,US,,,
1472,erovoice.us,US,,,
1473,se8.us,US,,,
1474,rt3.us,US,,,
1475,farmington.k12.mi.us,US,,,
1476,brownsville.lib.tx.us,US,,,
1477,lebron16.us,US,,,
1478,minegold.us,US,,,
1479,angelinvestmentnetwork.us,US,,,
1480,termnr.us,US,,,
1481,caiman.us,US,,,
1482,usaa.us,US,,,
1483,pierce.wa.us,US,,,
1484,ambertek.us,US,,,
1485,dallas.tx.us,US,,,
1486,mps.k12.al.us,US,,,
1487,systechsolution.us,US,,,
1488,now.us,US,,,
1489,utccommercial.us,US,,,
1490,azurehdinsight.us,US,,,
1491,modsgaming.us,US,,,
1492,butter.us,US,,,
1493,combatvet.us,US,,,
1494,dev-zoom.us,US,,,
1495,karlstorz.us,US,,,
1496,franklin.oh.us,US,,,
1497,kookai.us,US,,,
1498,qua-x.us,US,,,
1499,swissreplicas.us,US,,,
1500,b2clogin.us,US,,,
1501,maverickarmory.us,US,,,
1502,kcbs.us,US,,,
1503,alphagear.us,US,,,
1504,officialnetwork.us,US,,,
1505,stakewith.us,US,,,
1506,cityofwestminster.us,US,,,
1507,mooselabs.us,US,,,
1508,alpha-tech.us,US,,,
1509,hcnj.us,US,,,
1510,erection365.us,US,,,
1511,state.hi.us,US,,,
1512,pinellas.k12.fl.us,US,,,
1513,goascribe.us,US,,,
1514,azithromycin2021.us,US,,,
1515,haul-cat.us,US,,,
1516,cosatx.us,US,,,
1517,storehousestoragega.us,US,,,
1518,paypal-support.us,US,,,
1519,thelotter.us,US,,,
1520,bitcoincasino.us,US,,,
1521,megahard.us,US,,,
1522,precoro.us,US,,,
1523,suffolk.lib.ny.us,US,,,
1524,wyandanch.k12.ny.us,US,,,
1525,gaubong.us,US,,,
1526,dakota.mn.us,US,,,
1527,mcas-df-gov.us,US,,,
1528,resultnomor.us,US,,,
1529,pcsb.k12.fl.us,US,,,
1530,wholesalecabinets.us,US,,,
1531,mcoe.us,US,,,
1532,mbbnoc.us,US,,,
1533,hennepin.mn.us,US,,,
1534,hpprintersupportpro.us,US,,,
1535,rockbrosbike.us,US,,,
1536,puffyan.us,US,,,
1537,core-cloud.us,US,,,
1538,netdns.us,US,,,
1539,paypalsecure.us,US,,,
1540,farmington.k12.mo.us,US,,,
1541,waimao.us,US,,,
1542,pornwa.us,US,,,
1543,bend.k12.or.us,US,,,
1544,spiral.us,US,,,
1545,gay.us,US,,,
1546,roulette77.us,US,,,
1547,prot.us,US,,,
1548,brachsconfections.us,US,,,
1549,turck.us,US,,,
1550,sd25.us,US,,,
1551,unlimitednet.us,US,,,
1552,xendesktop.us,US,,,
1553,reactiongifs.us,US,,,
1554,uuh.us,US,,,
1555,dreamsoft.us,US,,,
1556,czfirearms.us,US,,,
1557,prepare.lib.la.us,US,,,
1558,martin.fl.us,US,,,
1559,tulare.k12.ca.us,US,,,
1560,tonguetied.us,US,,,
1561,saasplaza.us,US,,,
1562,cellpay.us,US,,,
1563,hahm.us,US,,,
1564,sitew.us,US,,,
1565,darknetmarkets.us,US,,,
1566,bluebella.us,US,,,
1567,vail.k12.az.us,US,,,
1568,hapgood.us,US,,,
1569,leuchtturm1917.us,US,,,
1570,sableautomation.us,US,,,
1571,powerautomate.us,US,,,
1572,sccoe.k12.ca.us,US,,,
1573,dps.k12.oh.us,US,,,
1574,flyingblue.us,US,,,
1575,teledyne.us,US,,,
1576,auvodka.us,US,,,
1577,casted.us,US,,,
1578,suannai.us,US,,,
1579,lasvegasjusticecourt.us,US,,,
1580,health-media.us,US,,,
1581,insurancehunter.us,US,,,
1582,nexe.us,US,,,
1583,0fees.us,US,,,
1584,sslinks.us,US,,,
1585,processing-paypal.us,US,,,
1586,panamericano.us,US,,,
1587,coinbon.us,US,,,
1588,accountpaypal.us,US,,,
1589,amoxicillin2021.us,US,,,
1590,lbnl.us,US,,,
1591,pdinc.us,US,,,
1592,humboldt.k12.ca.us,US,,,
1593,jumpjump.us,US,,,
1594,track-visitor.us,US,,,
1595,henyo.us,US,,,
1596,amazon.us,US,,,
1597,citizensjournal.us,US,,,
1598,author24.us,US,,,
1599,comal.tx.us,US,,,
1600,ezatlas.us,US,,,
1601,walnutvalley.k12.ca.us,US,,,
1602,tiendeo.us,US,,,
1603,aed.us,US,,,
1604,scps.k12.fl.us,US,,,
1605,wordpower.us,US,,,
1606,smtk.us,US,,,
1607,bighd.us,US,,,
1608,tc1.us,US,,,
1609,sildenapik.us,US,,,
1610,ssl1.us,US,,,
1611,acompio.us,US,,,
1612,crschools.us,US,,,
1613,pcsnc.us,US,,,
1614,americanplus.us,US,,,
1615,viz-pro.us,US,,,
1616,cephalexin2021.us,US,,,
1617,fastcloudserver.us,US,,,
1618,zootubex.us,US,,,
1619,xiaoliyu.us,US,,,
1620,codb.us,US,,,
1621,suffolkva.us,US,,,
1622,brachcandy.us,US,,,
1623,edbridge.us,US,,,
1624,techmd.us,US,,,
1625,pencariangka.us,US,,,
1626,ciaviahot.us,US,,,
1627,kbase.us,US,,,
1628,state.nh.us,US,,,
1629,wtwco.us,US,,,
1630,fridgeparts.us,US,,,
1631,brachs.us,US,,,
1632,legazytv.us,US,,,
1633,sildenafil30.us,US,,,
1634,mediahealth.us,US,,,
1635,joinchat.us,US,,,
1636,ecasd.us,US,,,
1637,celebrex2021.us,US,,,
1638,starbuds.us,US,,,
1639,neustar.us,US,,,
1640,uplify.us,US,,,
1641,motchillzz.us,US,,,
1642,azcon.us,US,,,
1643,bioapp.us,US,,,
1644,cheapdesigned.us,US,,,
1645,cloudhosted.us,US,,,
1646,depolo.us,US,,,
1647,feixue.us,US,,,
1648,fxo.us,US,,,
1649,gtlmusic.us,US,,,
1650,haima.us,US,,,
1651,huajiccloud.us,US,,,
1652,itdl.us,US,,,
1653,jucoin.us,US,,,
1654,mimg.us,US,,,
1655,netease.us,US,,,
1656,nssvcstaging.us,US,,,
1657,pccwg.us,US,,,
1658,procurs.us,US,,,
1659,smartspace.us,US,,,
1660,tshl.us,US,,,
1661,utilitycloud.us,US,,,
1662,zdataservices.us,US,,,
1663,state.vt.us,US,,,
1664,silldenafilpik.us,US,,,
1665,austinlandscapelighting.us,US,,,
1666,jobsnear.us,US,,,
1667,vigoco.k12.in.us,US,,,
1668,polco.us,US,,,
1669,updatemanagir.us,US,,,
1670,octateam.us,US,,,
1671,mfbc.us,US,,,
1672,securtel.us,US,,,
1673,myvisioncard.us,US,,,
1674,pass.us,US,,,
1675,veryhard.us,US,,,
1676,multidns.us,US,,,
1677,transitpoint.us,US,,,
1678,manchester.ct.us,US,,,
1679,vipviahot.us,US,,,
1680,ewaucu.us,US,,,
1681,state.wy.us,US,,,
1682,bts-official.us,US,,,
1683,sac-co.k12.ca.us,US,,,
1684,epodex.us,US,,,
1685,philz.us,US,,,
1686,uwmedia.us,US,,,
1687,richmendating.us,US,,,
1688,xyzklub.us,US,,,
1689,kia.us,US,,,
1690,remc7.k12.mi.us,US,,,
1691,vofm.us,US,,,
1692,1eye.us,US,,,
1693,state.nd.us,US,,,
1694,kone.us,US,,,
1695,indeed.us,US,,,
1696,bgctrader.us,US,,,
1697,mtbaker.us,US,,,
1698,eparking.us,US,,,
1699,weekly-ads.us,US,,,
1700,connectnd.us,US,,,
1701,tpl.lib.wa.us,US,,,
1702,azair.us,US,,,
1703,peopleconnect.us,US,,,
1704,ns02.us,US,,,
1705,inyocounty.us,US,,,
1706,cchifirm.us,US,,,
1707,amazingradio.us,US,,,
1708,ossfoundation.us,US,,,
1709,saferonline.us,US,,,
1710,evensi.us,US,,,
1711,douglasesd.k12.or.us,US,,,
1712,viagrrapik.us,US,,,
1713,polk.ia.us,US,,,
1714,hot-hits.us,US,,,
1715,patterson.k12.ca.us,US,,,
1716,satorubot.us,US,,,
1717,breezeline.us,US,,,
1718,casadorada.us,US,,,
1719,mienphi.us,US,,,
1720,ricekrispies.us,US,,,
1721,cymbalta2021.us,US,,,
1722,abtc.us,US,,,
1723,the4th.us,US,,,
1724,tena.us,US,,,
1725,qcode.us,US,,,
1726,wwis.us,US,,,
1727,rampages.us,US,,,
1728,bestcloudserver.us,US,,,
1729,yapp.us,US,,,
1730,cialipik.us,US,,,
1731,vegan-kitchen.us,US,,,
1732,wseas.us,US,,,
1733,state.me.us,US,,,
1734,e-sharegov.us,US,,,
1735,3735.us,US,,,
1736,unblocked2.us,US,,,
1737,everycloudtech.us,US,,,
1738,jcschools.us,US,,,
1739,leusd.k12.ca.us,US,,,
1740,searchglobal.us,US,,,
1741,twodrifters.us,US,,,
1742,kyrie9.us,US,,,
1743,bufferzone.us,US,,,
1744,yakattack.us,US,,,
1745,edmond.k12.ok.us,US,,,
1746,cpsboe.k12.oh.us,US,,,
1747,zmvc.us,US,,,
1748,cloudbuilt.us,US,,,
1749,webdrafter.us,US,,,
1750,gric.nsn.us,US,,,
1751,k12ca.us,US,,,
1752,ageverify.us,US,,,
1753,aea1.k12.ia.us,US,,,
1754,superhard.us,US,,,
1755,dragondigital.us,US,,,
1756,hidalgo.tx.us,US,,,
1757,greyfalcon.us,US,,,
1758,dust2.us,US,,,
1759,ahc.us,US,,,
1760,state.ms.us,US,,,
1761,crosscamp.us,US,,,
1762,scesd.k12.or.us,US,,,
1763,h60.us,US,,,
1764,earlyradiohistory.us,US,,,
1765,casino88.us,US,,,
1766,curry9.us,US,,,
1767,siriusxm.us,US,,,
1768,mcso.us,US,,,
1769,goldengooseoutlets.us,US,,,
1770,imao.us,US,,,
1771,exaplexsar.us,US,,,
1772,zdsports.us,US,,,
1773,nvc.cc.ca.us,US,,,
1774,mcpn.us,US,,,
1775,haagendazs.us,US,,,
1776,singlesover60.us,US,,,
1777,monroe.k12.mi.us,US,,,
1778,mi-remotekonicaminolta.us,US,,,
1779,frol.us,US,,,
1780,easy-2fa.us,US,,,
1781,ehaoyao.us,US,,,
1782,empty.us,US,,,
1783,gilbert.k12.az.us,US,,,
1784,cleartalk.us,US,,,
1785,wmgroup.us,US,,,
1786,prtc.us,US,,,
1787,rcps.us,US,,,
1788,nikeairvapormax.us,US,,,
1789,streamgato.us,US,,,
1790,solanocoe.k12.ca.us,US,,,
1791,amplifydm.us,US,,,
1792,dobryhosting.us,US,,,
1793,decarta.us,US,,,
1794,wake.nc.us,US,,,
1795,georgia900p25.us,US,,,
1796,buyma.us,US,,,
1797,cityofnampa.us,US,,,
1798,wida.us,US,,,
1799,coloradorockiesjerseys.us,US,,,
1800,hartnell.cc.ca.us,US,,,
1801,boone.k12.ia.us,US,,,
1802,snowsoftware.us,US,,,
1803,rtr-inc.us,US,,,
1804,lucas.oh.us,US,,,
1805,playtolearnpreschool.us,US,,,
1806,pcmagtest.us,US,,,
1807,montebello.k12.ca.us,US,,,
1808,1bid.us,US,,,
1809,cssi.us,US,,,
1810,naperville.il.us,US,,,
1811,zipnet.us,US,,,
1812,monterey.ca.us,US,,,
1813,ppsk12.us,US,,,
1814,axxerion.us,US,,,
1815,wssd.k12.pa.us,US,,,
1816,socccd.cc.ca.us,US,,,
1817,fanstream.us,US,,,
1818,negativecreeps.us,US,,,
1819,proseotools.us,US,,,
1820,rentonschools.us,US,,,
1821,junipersquare.us,US,,,
1822,aipredict.us,US,,,
1823,forsyth.k12.ga.us,US,,,
1824,wisetack.us,US,,,
1825,cayugacounty.us,US,,,
1826,mixsoon.us,US,,,
1827,caaliss.us,US,,,
1828,resultpaitowarna.us,US,,,
1829,quickpass.us,US,,,
1830,likelihood.us,US,,,
1831,tvvip.us,US,,,
1832,casinos.us,US,,,
1833,costcurve.us,US,,,
1834,goldengooses.us,US,,,
1835,duval.k12.fl.us,US,,,
1836,mudgirlrun.us,US,,,
1837,km6g.us,US,,,
1838,arenaphone.us,US,,,
1839,tylr.us,US,,,
1840,petitbateau.us,US,,,
1841,paypalhelp.us,US,,,
1842,swadhin.us,US,,,
1843,dreamcitychurch.us,US,,,
1844,onrevenue.us,US,,,
1845,wcusd.k12.ca.us,US,,,
1846,wijayatotoc.us,US,,,
1847,ddnsy.us,US,,,
1848,lc.cc.il.us,US,,,
1849,certipur.us,US,,,
1850,my-place.us,US,,,
1851,all-connect.us,US,,,
1852,macon.ga.us,US,,,
1853,audiob.us,US,,,
1854,knowgeneral.us,US,,,
1855,mypack.us,US,,,
1856,easyoff.us,US,,,
1857,aetco.us,US,,,
1858,remc4.k12.mi.us,US,,,
1859,hays.tx.us,US,,,
1860,myspringboard.us,US,,,
1861,dnscluster.us,US,,,
1862,viagra739.us,US,,,
1863,state.de.us,US,,,
1864,appseed.us,US,,,
1865,lndeed.us,US,,,
1866,nevco.k12.ca.us,US,,,
1867,aoxx69.us,US,,,
1868,marion.or.us,US,,,
1869,richmond.k12.va.us,US,,,
1870,giresd.k12.mi.us,US,,,
1871,numenic.us,US,,,
1872,goyardoutlets.us,US,,,
1873,viagra741.us,US,,,
1874,caresoft.us,US,,,
1875,region1.k12.mn.us,US,,,
1876,cialis741.us,US,,,
1877,bv-tech.us,US,,,
1878,dns-53.us,US,,,
1879,christianlouboutinshoessaleoutlet.us,US,,,
1880,isaaceld.k12.az.us,US,,,
1881,kucinich.us,US,,,
1882,kumpedns.us,US,,,
1883,kmap-state-ks.us,US,,,
1884,bonita.k12.ca.us,US,,,
1885,123acesso.us,US,,,
1886,emailtechnicalsupport.us,US,,,
1887,lmc.cc.mi.us,US,,,
1888,merced.k12.ca.us,US,,,
1889,myshp.us,US,,,
1890,tjpapp.us,US,,,
1891,fcva.us,US,,,
1892,techwontsave.us,US,,,
1893,simplejustice.us,US,,,
1894,cialis739.us,US,,,
1895,afdatalab-dev.us,US,,,
1896,hellermanntyton.us,US,,,
1897,cityoflakewood.us,US,,,
1898,opacity.us,US,,,
1899,solicon.us,US,,,
1900,asdfasdf.us,US,,,
1901,class101.us,US,,,
1902,serversdns.us,US,,,
1903,iydmjgzl.us,US,,,
1904,czechtrade.us,US,,,
1905,onlove.us,US,,,
1906,rdnsbox.us,US,,,
1907,nonavan.us,US,,,
1908,heliohost.us,US,,,
1909,finasteride21.us,US,,,
1910,paynetonline.us,US,,,
1911,carvedilol21.us,US,,,
1912,nhs.us,US,,,
1913,kawhileonardshoes.us,US,,,
1914,imqa.us,US,,,
1915,javhay1.us,US,,,
1916,unilever.us,US,,,
1917,dutch-passion.us,US,,,
1918,etiquetanegra.us,US,,,
1919,quxis.us,US,,,
1920,marketleader.us,US,,,
1921,totalhealthreports.us,US,,,
1922,bcps.k12.md.us,US,,,
1923,chemek.cc.or.us,US,,,
1924,zmeu.us,US,,,
1925,ciaviacheap.us,US,,,
1926,redeemerlutheran.us,US,,,
1927,bcpl.lib.md.us,US,,,
1928,golden-goose.us,US,,,
1929,savills.us,US,,,
1930,iu13.us,US,,,
1931,palm-beach.fl.us,US,,,
1932,mobidesign.us,US,,,
1933,centralusd.k12.ca.us,US,,,
1934,gaston.k12.nc.us,US,,,
1935,nearwin.us,US,,,
1936,dnaconstruction.us,US,,,
1937,oneorigin.us,US,,,
1938,tangoe.us,US,,,
1939,kyschool.us,US,,,
1940,kamens.us,US,,,
1941,compton.k12.ca.us,US,,,
1942,blackpearl.us,US,,,
1943,fphq.us,US,,,
1944,stcharles.k12.la.us,US,,,
1945,luupi.us,US,,,
1946,siemens-dematic.us,US,,,
1947,martinez.k12.ca.us,US,,,
1948,weekstorm.us,US,,,
1949,faqwiki.us,US,,,
1950,mapro.us,US,,,
1951,vip2cuci.us,US,,,
1952,kansas.us,US,,,
1953,joemiller.us,US,,,
1954,thewayofmoney.us,US,,,
1955,collin.tx.us,US,,,
1956,paypal-login.us,US,,,
1957,aircompare.us,US,,,
1958,superstoi.us,US,,,
1959,rodii.us,US,,,
1960,snco.us,US,,,
1961,ogivart.us,US,,,
1962,cstatic.us,US,,,
1963,getditto.us,US,,,
1964,moore.k12.ok.us,US,,,
1965,lubbock.tx.us,US,,,
1966,megapalka.us,US,,,
1967,st-clair.il.us,US,,,
1968,hobart.k12.in.us,US,,,
1969,watchfaces.us,US,,,
1970,turnoff.us,US,,,
1971,whatsmyip.us,US,,,
1972,fsafeds.us,US,,,
1973,walkerair.us,US,,,
1974,cellshop.us,US,,,
1975,american-europe.us,US,,,
1976,clifton.k12.nj.us,US,,,
1977,associa.us,US,,,
1978,ciaviatop.us,US,,,
1979,multistate.us,US,,,
1980,lovis.us,US,,,
1981,militarybases.us,US,,,
1982,sitnews.us,US,,,
1983,rttp.us,US,,,
1984,lib.de.us,US,,,
1985,ips.us,US,,,
1986,cpshr.us,US,,,
1987,cilaisz.us,US,,,
1988,cricbuzz.us,US,,,
1989,atgames.us,US,,,
1990,impulsespace.us,US,,,
1991,tzuchi.us,US,,,
1992,polson.k12.mt.us,US,,,
1993,erectionstore.us,US,,,
1994,nmusd.k12.ca.us,US,,,
1995,doxycycline33.us,US,,,
1996,ashtabulacounty.us,US,,,
1997,desiserials.us,US,,,
1998,kswisepl.us,US,,,
1999,meettjp88.us,US,,,
2000,tampa.fl.us,US,,,
2001,iwcs.k12.va.us,US,,,
2002,johnsonservices.us,US,,,
2003,tadalafil20.us,US,,,
2004,lisd.us,US,,,
2005,jrc.us,US,,,
2006,dearlady.us,US,,,
2007,theleagueiscoming.us,US,,,
2008,swcsd.us,US,,,
2009,kidsaround.us,US,,,
2010,sagentic.us,US,,,
2011,ad-site.us,US,,,
2012,goldengoose-sneakers.us,US,,,
2013,landbetweenthelakes.us,US,,,
2014,futureboy.us,US,,,
2015,pbvusd.k12.ca.us,US,,,
2016,phe69.us,US,,,
2017,dataone.us,US,,,
2018,duravit.us,US,,,
2019,sparkleeld.us,US,,,
2020,saranac.k12.mi.us,US,,,
2021,findojobs.us,US,,,
2022,interopzoom.us,US,,,
2023,cityoflamesa.us,US,,,
2024,deadfrog.us,US,,,
2025,flaglermuseum.us,US,,,
2026,forexcargo.us,US,,,
2027,marion.fl.us,US,,,
2028,vodium.us,US,,,
2029,hitachi.us,US,,,
2030,shoppeblack.us,US,,,
2031,ccs.k12.nc.us,US,,,
2032,res.us,US,,,
2033,maryville.tn.us,US,,,
2034,rdale.k12.mn.us,US,,,
2035,kinokrad.us,US,,,
2036,viaggaa.us,US,,,
2037,merchandisingplaza.us,US,,,
2038,mobilepixels.us,US,,,
2039,drmelaxin.us,US,,,
2040,gaappeals.us,US,,,
2041,wd6awp.us,US,,,
2042,qtego.us,US,,,
2043,abcapp.us,US,,,
2044,bestialityvideo.us,US,,,
2045,ei8hts.us,US,,,
2046,schoologypl.us,US,,,
2047,ciallispik.us,US,,,
2048,evergreen.lib.in.us,US,,,
2049,viaciashop.us,US,,,
2050,orangeusd.k12.ca.us,US,,,
2051,longbows.us,US,,,
2052,iavalley.cc.ia.us,US,,,
2053,bioderma.us,US,,,
2054,metformin21.us,US,,,
2055,duneuniverse.us,US,,,
2056,champteks.us,US,,,
2057,caterpillarfootwear.us,US,,,
2058,harrisonburg.k12.va.us,US,,,
2059,powernews.us,US,,,
2060,shpe.us,US,,,
2061,thelonghairs.us,US,,,
2062,rpcdn.us,US,,,
2063,printengine.us,US,,,
2064,jaust.us,US,,,
2065,goldparticles.us,US,,,
2066,clockdesigns.us,US,,,
2067,coloradopen.us,US,,,
2068,htmlads.us,US,,,
2069,srv.us,US,,,
2070,securevpn.us,US,,,
2071,suwannee.k12.fl.us,US,,,
2072,civicmedia.us,US,,,
2073,happyshapesshop.us,US,,,
2074,networkprotocol.us,US,,,
2075,metoprolol20.us,US,,,
2076,fullmatch.us,US,,,
2077,santander.us,US,,,
2078,fightinggame.us,US,,,
2079,shastalink.k12.ca.us,US,,,
2080,distil.us,US,,,
2081,deloitteinnovation.us,US,,,
2082,dubaimuseum.us,US,,,
2083,datayard.us,US,,,
2084,xctv.us,US,,,
2085,beaverton.k12.or.us,US,,,
2086,centralislip.k12.ny.us,US,,,
2087,biote.us,US,,,
2088,visa-gift-cards.us,US,,,
2089,tec.sc.us,US,,,
2090,ip-15-204-186.us,US,,,
2091,cloudserverdns.us,US,,,
2092,grayson.tx.us,US,,,
2093,callserver.us,US,,,
2094,assignmenthelp.us,US,,,
2095,gold-dealers.us,US,,,
2096,dubaitennis.us,US,,,
2097,jordan.k12.ut.us,US,,,
2098,gol33.us,US,,,
2099,cumedicine.us,US,,,
2100,dmpro.us,US,,,
2101,rocket-pool.us,US,,,
2102,magicwandhosting.us,US,,,
2103,cheelee.us,US,,,
2104,yalza.us,US,,,
2105,incometaxpayments.us,US,,,
2106,bestiary.us,US,,,
2107,hostblast.us,US,,,
2108,educationcoverage.us,US,,,
2109,exacti.us,US,,,
2110,hookupapps.us,US,,,
2111,ncesd.k12.or.us,US,,,
2112,classifieds4.us,US,,,
2113,zithromax22.us,US,,,
2114,unhide.us,US,,,
2115,blackecho.us,US,,,
2116,renewamerica.us,US,,,
2117,tv-channel.us,US,,,
2118,sightcarebuynow.us,US,,,
2119,permiteyes.us,US,,,
2120,opso.us,US,,,
2121,sis001.us,US,,,
2122,celebrityjackets.us,US,,,
2123,montbell.us,US,,,
2124,osmworldwide.us,US,,,
2125,microsoftmetrics.us,US,,,
2126,york.va.us,US,,,
2127,tizanidine21.us,US,,,
2128,arkemail.us,US,,,
2129,homebutton.us,US,,,
2130,silo.lib.ia.us,US,,,
2131,cityofslt.us,US,,,
2132,cefdinir22.us,US,,,
2133,calaverasgov.us,US,,,
2134,citalopram21.us,US,,,
2135,famm.us,US,,,
2136,viaciatop.us,US,,,
2137,navanblows.us,US,,,
2138,regionaldirectory.us,US,,,
2139,sms222.us,US,,,
2140,viterra.us,US,,,
2141,waxcommcloud.us,US,,,
2142,jummb.us,US,,,
2143,carsusa.us,US,,,
2144,wanlink.us,US,,,
2145,innergeek.us,US,,,
2146,amlodipine19.us,US,,,
2147,state.id.us,US,,,
2148,securerelease.us,US,,,
2149,colton.k12.ca.us,US,,,
2150,homedeptcomsurvey.us,US,,,
2151,to188aa.us,US,,,
2152,tokyo88login.us,US,,,
2153,ecardregistry.us,US,,,
2154,minima.us,US,,,
2155,sandangels.us,US,,,
2156,dongtoico.us,US,,,
2157,hbgsd.us,US,,,
2158,hdlatino.us,US,,,
2159,stepmothersfriends.us,US,,,
2160,n93servers.us,US,,,
2161,issuedefinition.us,US,,,
2162,viviotech.us,US,,,
2163,myws.us,US,,,
2164,gesd.k12.az.us,US,,,
2165,raybansales.us,US,,,
2166,lolesports.us,US,,,
2167,csuas.us,US,,,
2168,cssrc.us,US,,,
2169,copperas-cove.tx.us,US,,,
2170,backhand.us,US,,,
2171,glammr.us,US,,,
2172,wantit.us,US,,,
2173,elliey.us,US,,,
2174,ciaviaprice.us,US,,,
2175,legaladviser.us,US,,,
2176,hoerbuch.us,US,,,
2177,finnegan.us,US,,,
2178,gestudio.us,US,,,
2179,caldwell.k12.tx.us,US,,,
2180,zoopi.us,US,,,
2181,clockdistribution.us,US,,,
2182,onliner.us,US,,,
2183,benchmark.us,US,,,
2184,4box.us,US,,,
2185,portsanantonio.us,US,,,
2186,leoforce.us,US,,,
2187,birmingham.al.us,US,,,
2188,cloudappsecurity.us,US,,,
2189,tom-green.tx.us,US,,,
2190,loadproof.us,US,,,
2191,lbcc.cc.ca.us,US,,,
2192,fromzero.us,US,,,
2193,atecotank.us,US,,,
2194,ferragamobelt.us,US,,,
2195,ocnj.us,US,,,
2196,eloci.us,US,,,
2197,jarv.us,US,,,
2198,aspida.us,US,,,
2199,teenstgp.us,US,,,
2200,funnie.us,US,,,
2201,siegwerk.us,US,,,
2202,ciaviashop.us,US,,,
2203,yeezy-s.us,US,,,
2204,stlucie.k12.fl.us,US,,,
2205,vbsd.us,US,,,
2206,ridleysd.k12.pa.us,US,,,
2207,netdocuments.us,US,,,
2208,papapi.us,US,,,
2209,sumter.k12.fl.us,US,,,
2210,warry.us,US,,,
2211,worldhistory.us,US,,,
2212,nike-air-jordan.us,US,,,
2213,pwrteams.us,US,,,
2214,laveeneld.k12.az.us,US,,,
2215,newlondon.k12.wi.us,US,,,
2216,wusd.k12.ca.us,US,,,
2217,tarot-online.us,US,,,
2218,myadvisorsassistant.us,US,,,
2219,ngvoip.us,US,,,
2220,coscc.cc.tn.us,US,,,
2221,ofa.us,US,,,
2222,gold-fields.us,US,,,
2223,cowlitz.wa.us,US,,,
2224,icelandair.us,US,,,
2225,eprojectfreetv.us,US,,,
2226,froly.us,US,,,
2227,themarias.us,US,,,
2228,boenyc.us,US,,,
2229,davidson.nc.us,US,,,
2230,serverpipe.us,US,,,
2231,blackrockfinancial.us,US,,,
2232,custommotogear.us,US,,,
2233,wickenburg.k12.az.us,US,,,
2234,scsd.us,US,,,
2235,n-s.us,US,,,
2236,intersolar.us,US,,,
2237,cialis29.us,US,,,
2238,gorchic.us,US,,,
2239,snf.us,US,,,
2240,metronidazole21.us,US,,,
2241,haywood.k12.nc.us,US,,,
2242,buchanan.mo.us,US,,,
2243,stark.k12.oh.us,US,,,
2244,gameto.us,US,,,
2245,xgift.us,US,,,
2246,mcparks.us,US,,,
2247,vardenafil20.us,US,,,
2248,classroom-management-50.us,US,,,
2249,cialis742.us,US,,,
2250,bigwalnut.k12.oh.us,US,,,
2251,paykijangwin.us,US,,,
2252,buspirone21.us,US,,,
2253,2468.us,US,,,
2254,citydirectory.us,US,,,
2255,bcls.lib.nj.us,US,,,
2256,higher-hire.us,US,,,
2257,tilehome.us,US,,,
2258,hcc.cc.il.us,US,,,
2259,peralta.cc.ca.us,US,,,
2260,johnston.k12.nc.us,US,,,
2261,valita.us,US,,,
2262,clark.oh.us,US,,,
2263,wcsd.k12.ca.us,US,,,
2264,car-owners.us,US,,,
2265,quiz-40.us,US,,,
2266,mundosaludable.us,US,,,
2267,idla.us,US,,,
2268,firesignals.us,US,,,
2269,sildenafil733.us,US,,,
2270,monroe.k12.nj.us,US,,,
2271,paulding.k12.ga.us,US,,,
2272,santarosa.k12.fl.us,US,,,
2273,karuk.us,US,,,
2274,wika.us,US,,,
2275,grand.co.us,US,,,
2276,quickregister.us,US,,,
2277,chipp.us,US,,,
2278,racing-team.us,US,,,
2279,viagra742.us,US,,,
2280,bolagla-link.us,US,,,
2281,jackson.ms.us,US,,,
2282,hinds.ms.us,US,,,
2283,msdpt.k12.in.us,US,,,
2284,cialiswebpills.us,US,,,
2285,unitewith.us,US,,,
2286,ciaviabuy.us,US,,,
2287,sprunge.us,US,,,
2288,uapost.us,US,,,
2289,arapahoe.co.us,US,,,
2290,ohiocourtrecords.us,US,,,
2291,ecomply.us,US,,,
2292,oshkosh.k12.wi.us,US,,,
2293,orlistat33.us,US,,,
2294,lcps.k12.nm.us,US,,,
2295,dotwebinc.us,US,,,
2296,laduree.us,US,,,
2297,paitohk6d.us,US,,,
2298,softserve.us,US,,,
2299,vrijeme.us,US,,,
2300,1exch.us,US,,,
2301,1xbook.us,US,,,
2302,85st.us,US,,,
2303,abcbet.us,US,,,
2304,academysgeniusswordmaster.us,US,,,
2305,anna.k12.oh.us,US,,,
2306,anoka.k12.mn.us,US,,,
2307,asd.k12.pa.us,US,,,
2308,barneysfarm.us,US,,,
2309,berea.k12.oh.us,US,,,
2310,bestsleep.us,US,,,
2311,betflik.us,US,,,
2312,businesstravelexperts.us,US,,,
2313,caswell.k12.nc.us,US,,,
2314,catastrophicnecromancer.us,US,,,
2315,clarke.k12.ia.us,US,,,
2316,class77.us,US,,,
2317,cov.k12.al.us,US,,,
2318,cpsbla.us,US,,,
2319,cvtoken.us,US,,,
2320,datingchat.us,US,,,
2321,dgf.k12.mn.us,US,,,
2322,embr.us,US,,,
2323,fortmyer.us,US,,,
2324,foxpack.us,US,,,
2325,freeholdboro.k12.nj.us,US,,,
2326,gccs.k12.nm.us,US,,,
2327,greenwich.k12.ct.us,US,,,
2328,gregg.tx.us,US,,,
2329,gwisd.us,US,,,
2330,haddonfield.k12.nj.us,US,,,
2331,hardee.k12.fl.us,US,,,
2332,hellohuay.us,US,,,
2333,hhh.k12.ny.us,US,,,
2334,hjchelmets.us,US,,,
2335,hongtae88.us,US,,,
2336,hpsd.k12.pa.us,US,,,
2337,imperadorbets.us,US,,,
2338,janesville.k12.wi.us,US,,,
2339,juragan88.us,US,,,
2340,kaizenhealth.us,US,,,
2341,khaier.us,US,,,
2342,kingsburg-elem.k12.ca.us,US,,,
2343,lexington.k12.oh.us,US,,,
2344,lindenwold.k12.nj.us,US,,,
2345,madisonk12.us,US,,,
2346,manga-zip.us,US,,,
2347,mbtu.us,US,,,
2348,medford.k12.wi.us,US,,,
2349,megatoto96.us,US,,,
2350,ohlsd.us,US,,,
2351,okaloosa.fl.us,US,,,
2352,olsd.us,US,,,
2353,order-app.us,US,,,
2354,paddynet.us,US,,,
2355,paramantra.us,US,,,
2356,phim-sex.us,US,,,
2357,plaq.k12.la.us,US,,,
2358,playfun99.us,US,,,
2359,portal42.us,US,,,
2360,prediksistartogel.us,US,,,
2361,pro-core.us,US,,,
2362,psxdownloads.us,US,,,
2363,qualitylogs.us,US,,,
2364,rm1131.us,US,,,
2365,robeson.k12.nc.us,US,,,
2366,ruay.us,US,,,
2367,sdb.k12.wi.us,US,,,
2368,senda.us,US,,,
2369,sightmd.us,US,,,
2370,slot4king.us,US,,,
2371,springfield.k12.il.us,US,,,
2372,tec.nj.us,US,,,
2373,thebrandbible.us,US,,,
2374,thunderflex.us,US,,,
2375,totosuperapik.us,US,,,
2376,unad.us,US,,,
2377,uted.us,US,,,
2378,washington.k12.ia.us,US,,,
2379,waynesville.k12.mo.us,US,,,
2380,wbasd.k12.pa.us,US,,,
2381,whiting.k12.in.us,US,,,
2382,win777.us,US,,,
2383,winthrop.k12.ma.us,US,,,
2384,wy.k12.mi.us,US,,,
2385,yatta.us,US,,,
2386,braeunig.us,US,,,
2387,goliathgames.us,US,,,
2388,theiversons.us,US,,,
2389,careprost33.us,US,,,
2390,levitra734.us,US,,,
2391,lomavista.us,US,,,
2392,shamrick.us,US,,,
2393,zerochat.us,US,,,
2394,chatterboxtown.us,US,,,
2395,wentzville.k12.mo.us,US,,,
2396,geography-quiz-2.us,US,,,
2397,latinomusic.us,US,,,
2398,awsdns-us-gov-60.us,US,,,
2399,coletabr.us,US,,,
2400,waterbury.k12.ct.us,US,,,
2401,placercoe.k12.ca.us,US,,,
2402,incometaxpayment.us,US,,,
2403,ubermensch.us,US,,,
2404,owlsr.us,US,,,
2405,norman.k12.ok.us,US,,,
2406,invdcloud-is.us,US,,,
2407,dodol.us,US,,,
2408,yeezysale.us,US,,,
2409,geography-quiz.us,US,,,
2410,bitsandpieces.us,US,,,
2411,boltss.us,US,,,
2412,aooboo.us,US,,,
2413,blomus.us,US,,,
2414,aga.us,US,,,
2415,kyrie8.us,US,,,
2416,eskerx.us,US,,,
2417,flextix.us,US,,,
2418,flordeluna.us,US,,,
2419,iapronto.us,US,,,
2420,infocor.us,US,,,
2421,livebradsend.us,US,,,
2422,sourcef.us,US,,,
2423,nextforce.us,US,,,
2424,zanaflex33.us,US,,,
2425,foxwelltech.us,US,,,
2426,atasteofsimplegoodness.us,US,,,
2427,pickens.k12.sc.us,US,,,
2428,sagov.us,US,,,
2429,baddieseast.us,US,,,
2430,meowoff.us,US,,,
2431,tecnotur.us,US,,,
2432,chaselogistics.us,US,,,
2433,federalgovernmentjobs.us,US,,,
2434,booked4.us,US,,,
2435,megastoi.us,US,,,
2436,usd250.k12.ks.us,US,,,
2437,stan-co.k12.ca.us,US,,,
2438,motilium33.us,US,,,
2439,openport.us,US,,,
2440,proexlog.us,US,,,
2441,myapi.us,US,,,
2442,utcitar.us,US,,,
2443,pjc.cc.fl.us,US,,,
2444,librarium.us,US,,,
2445,nikestore.us,US,,,
2446,cloud-pbx.us,US,,,
2447,123goal.us,US,,,
2448,alphardaudio.us,US,,,
2449,avl.lib.al.us,US,,,
2450,barami.us,US,,,
2451,basd.us,US,,,
2452,bein-match.us,US,,,
2453,bonylivenews.us,US,,,
2454,branson.k12.mo.us,US,,,
2455,cafeqq2.us,US,,,
2456,egbook.us,US,,,
2457,erdc.k12.mn.us,US,,,
2458,forest.k12.ms.us,US,,,
2459,harris.k12.ga.us,US,,,
2460,holbrook.k12.az.us,US,,,
2461,kv.k12.in.us,US,,,
2462,lcsd.k12.ms.us,US,,,
2463,lrnr.us,US,,,
2464,physiocheck.us,US,,,
2465,voxminingpool.us,US,,,
2466,wcs.k12.va.us,US,,,
2467,districtcannabis.us,US,,,
2468,haslett.k12.mi.us,US,,,
2469,kamenrider.us,US,,,
2470,mtsd.k12.wi.us,US,,,
2471,omnicamp.us,US,,,
2472,secondpress.us,US,,,
2473,shark89.us,US,,,
2474,tomahawk.k12.wi.us,US,,,
2475,ufcslot99a.us,US,,,
2476,workto.us,US,,,
2477,sullivanny.us,US,,,
2478,sphor.us,US,,,
2479,state.ri.us,US,,,
2480,directorios.us,US,,,
2481,royce.us,US,,,
2482,dock.us,US,,,
2483,pridegroup.us,US,,,
2484,monmouth.nj.us,US,,,
2485,promoguy.us,US,,,
2486,anokacounty.us,US,,,
2487,bolha.us,US,,,
2488,chautauqua.ny.us,US,,,
2489,eliterate.us,US,,,
2490,nebraskataxesonline.us,US,,,
2491,studentdebtrelief.us,US,,,
2492,blogu.us,US,,,
2493,acpl.lib.in.us,US,,,
2494,glassdoors.us,US,,,
2495,harvey.lib.il.us,US,,,
2496,cccounty.us,US,,,
2497,viaggrpik.us,US,,,
2498,crewcontrol.us,US,,,
2499,filestandup.us,US,,,
2500,cialis25.us,US,,,
2501,tonymoly.us,US,,,
2502,amanliga365.us,US,,,
2503,asianslot88id.us,US,,,
2504,bdhoki88gas.us,US,,,
2505,bell.tx.us,US,,,
2506,bristow.k12.ok.us,US,,,
2507,emsdbears.us,US,,,
2508,golirous.us,US,,,
2509,pusatmovie21.us,US,,,
2510,rbtv77.us,US,,,
2511,sps.k12.ok.us,US,,,
2512,tokyo77vip.us,US,,,
2513,ufaxc.us,US,,,
2514,luxmovies.us,US,,,
2515,maxwin303jp.us,US,,,
2516,tolimeti.us,US,,,
2517,xpoworld.us,US,,,
2518,uberns.us,US,,,
2519,2x2.us,US,,,
2520,teambespin.us,US,,,
2521,nolvadex33.us,US,,,
2522,compudentddns.us,US,,,
2523,hockeyjerseyscheap.us,US,,,
2524,rock.wi.us,US,,,
2525,fubsta.us,US,,,
2526,vocabulous.us,US,,,
2527,recteq-images.us,US,,,
2528,gmcs.k12.nm.us,US,,,
2529,businessfitness.us,US,,,
2530,megao.us,US,,,
2531,militarycampgrounds.us,US,,,
2532,viagra25.us,US,,,
2533,ayguey.us,US,,,
2534,cesd.us,US,,,
2535,clean-factory.us,US,,,
2536,fayette.k12.al.us,US,,,
2537,nutrisipisang.us,US,,,
2538,resc.k12.in.us,US,,,
2539,sproxil.us,US,,,
2540,i-land.us,US,,,
2541,bucco.us,US,,,
2542,volvi.us,US,,,
2543,unileverfoodsolutions.us,US,,,
2544,curry7.us,US,,,
2545,sitecp.us,US,,,
2546,ccsd.k12.co.us,US,,,
2547,builditfor.us,US,,,
2548,pandoraringssite.us,US,,,
2549,rjuhsd.us,US,,,
2550,posapps.us,US,,,
2551,nenet.us,US,,,
2552,crell.us,US,,,
2553,msupdate.us,US,,,
2554,land-4-sale.us,US,,,
2555,ciaviageneric.us,US,,,
2556,saug.us,US,,,
2557,viabuyonl.us,US,,,
2558,bollai.us,US,,,
2559,zmus.us,US,,,
2560,referall.us,US,,,
2561,nightwing.us,US,,,
2562,4slot168.us,US,,,
2563,petik4d.us,US,,,
2564,quiz-30.us,US,,,
2565,cdnvideo.us,US,,,
2566,ib88ku.us,US,,,
2567,phimbom.us,US,,,
2568,plantnest.us,US,,,
2569,srsl.us,US,,,
2570,totoklmaxwin.us,US,,,
2571,wangi4dhoki.us,US,,,
2572,wfilmizle.us,US,,,
2573,ealabs.us,US,,,
2574,pncserver.us,US,,,
2575,manpowergroup.us,US,,,
2576,telegramcn.us,US,,,
2577,pandorajewelryofficial-site.us,US,,,
2578,kbwillow.us,US,,,
2579,jordan-8.us,US,,,
2580,outlookmobile.us,US,,,
2581,west-bend.wi.us,US,,,
2582,fivesports.us,US,,,
2583,paitohkwarna.us,US,,,
2584,tracklinks.us,US,,,
2585,wholesaleshoescheap.us,US,,,
2586,cheapjordanswholesalefreeshipping.us,US,,,
2587,kaskus.us,US,,,
2588,nonou.us,US,,,
2589,hennepinpe.us,US,,,
2590,nrch.us,US,,,
2591,cyberbullying.us,US,,,
2592,wowfix.us,US,,,
2593,dropahint.us,US,,,
2594,shbet188.us,US,,,
2595,lightnovel.us,US,,,
2596,internet-office.us,US,,,
2597,yip.us,US,,,
2598,noob.us,US,,,
2599,ssku.k12.ca.us,US,,,
2600,bevfitchett.us,US,,,
2601,cccyyw.us,US,,,
2602,smartservices.us,US,,,
2603,cailis24h.us,US,,,
2604,777slot5.us,US,,,
2605,cgvindo.us,US,,,
2606,dwp0kerways.us,US,,,
2607,elangwint.us,US,,,
2608,gacorbanteng69.us,US,,,
2609,gamingjitu.us,US,,,
2610,kingkijangwin.us,US,,,
2611,kobegacor.us,US,,,
2612,lauxanh3.us,US,,,
2613,lawjournal.us,US,,,
2614,liga788.us,US,,,
2615,masterkijangwin.us,US,,,
2616,mdg188kiw.us,US,,,
2617,movie4u.us,US,,,
2618,queenmamen123.us,US,,,
2619,singawinsakti.us,US,,,
2620,southernyankee.us,US,,,
2621,sungaiteduh.us,US,,,
2622,terterong123.us,US,,,
2623,totokljitu.us,US,,,
2624,totosuperjuara.us,US,,,
2625,lmpro.us,US,,,
2626,betflix-slot1.us,US,,,
2627,quatr.us,US,,,
2628,microsofttranslator.us,US,,,
2629,soikeonhacai.us,US,,,
2630,bestonlinecasinoreal.us,US,,,
2631,retro-jordans.us,US,,,
2632,srsuntour.us,US,,,
2633,waukesha.k12.wi.us,US,,,
2634,wholesaleshoessneakers.us,US,,,
2635,topgamebai.us,US,,,
2636,bauerfeind.us,US,,,
2637,icna.us,US,,,
2638,padisahbet.us,US,,,
2639,glemm.us,US,,,
2640,nikefactorys.us,US,,,
2641,ptgnet.us,US,,,
2642,queenclub888.us,US,,,
2643,routt.co.us,US,,,
2644,ivalua.us,US,,,
2645,wowlex01.us,US,,,
2646,pandoraonline.us,US,,,
2647,onscreen.us,US,,,
2648,sentrynet.us,US,,,
2649,graphox.us,US,,,
2650,viagraaaa.us,US,,,
2651,smapply.us,US,,,
2652,meinberg.us,US,,,
2653,alexandermcqueenoutlet.us,US,,,
2654,pandora-braceletcharms.us,US,,,
2655,cyonic.us,US,,,
2656,paypal.us,US,,,
2657,xoom.us,US,,,
2658,menwomenshoes.us,US,,,
2659,dit-inc.us,US,,,
2660,isnyop.us,US,,,
2661,gupdate.us,US,,,
2662,potustracker.us,US,,,
2663,social-welfare.us,US,,,
2664,jw6.us,US,,,
2665,newshoes2019.us,US,,,
2666,gc.k12.va.us,US,,,
2667,viabuyonlin.us,US,,,
2668,redbottomshoes-forwomen.us,US,,,
2669,sneakerswebsite.us,US,,,
2670,weightlossfatloss.us,US,,,
2671,nwresd.k12.or.us,US,,,
2672,schaeffler.us,US,,,
2673,fjallravenbackpack.us,US,,,
2674,levibuyonl.us,US,,,
2675,thegelbottle.us,US,,,
2676,nikeairmax98.us,US,,,
2677,paitosgpwarna.us,US,,,
2678,redbottomslouboutinshoes.us,US,,,
2679,cialissss.us,US,,,
2680,marin.k12.ca.us,US,,,
2681,brukenet.us,US,,,
2682,jordan20.us,US,,,
2683,outletstoreonlineshopping.us,US,,,
2684,qpg.us,US,,,
2685,datadreamers.us,US,,,
2686,thebulletin.us,US,,,
2687,canonprintersupportpro.us,US,,,
2688,crystal-dreams.us,US,,,
2689,thesafety.us,US,,,
2690,jewelrycharms.us,US,,,
2691,golffan.us,US,,,
2692,xr7.us,US,,,
2693,shacknet.us,US,,,
2694,catalist.us,US,,,
2695,max4k.us,US,,,
2696,erecprimebuynow.us,US,,,
2697,silver.k12.nm.us,US,,,
2698,goldengoosesneakers.us,US,,,
2699,drive.us,US,,,
2700,onekingdom.us,US,,,
2701,ro-adventure.us,US,,,
2702,meriden.k12.ct.us,US,,,
2703,wholesaleshoesclothing.us,US,,,
2704,cialis32.us,US,,,
2705,shoeswholesalesuppliers.us,US,,,
2706,viaciageneric.us,US,,,
2707,solutiocloud.us,US,,,
2708,netcomcloud.us,US,,,
2709,fjallravenkankenbackpack.us,US,,,
2710,jackharlow.us,US,,,
2711,vetpro.us,US,,,
2712,runningshoesformenwomen.us,US,,,
2713,sanofi-aventis.us,US,,,
2714,cheapshoeswholesalefromchina.us,US,,,
2715,eor.us,US,,,
2716,multiplan.us,US,,,
2717,acom.us,US,,,
2718,kpb.us,US,,,
2719,buyessays.us,US,,,
2720,s-9.us,US,,,
2721,dynddns.us,US,,,
2722,engram.us,US,,,
2723,nikeair-max270.us,US,,,
2724,topnews.us,US,,,
2725,gdmsengprj.us,US,,,
2726,dentitoxbuynow.us,US,,,
2727,unotelecom.us,US,,,
2728,xrumer.us,US,,,
2729,unlockking.us,US,,,
2730,medela.us,US,,,
2731,r2d3.us,US,,,
2732,pandorajewelryofficialwebsite.us,US,,,
2733,pandoranecklaces.us,US,,,
2734,lunatri.us,US,,,
2735,realgamble.us,US,,,
2736,webhostx.us,US,,,
2737,linxncr.us,US,,,
2738,unocomms.us,US,,,
2739,wpps.k12.va.us,US,,,
2740,nixc.us,US,,,
2741,pdfslide.us,US,,,
2742,simplepos.us,US,,,
2743,borgnet.us,US,,,
2744,growell.us,US,,,
2745,eilly.us,US,,,
2746,zzolu.us,US,,,
2747,cephalexin22.us,US,,,
2748,u33.us,US,,,
2749,wholesalejordanshoes.us,US,,,
2750,lcisd.k12.mi.us,US,,,
2751,abandonedamerica.us,US,,,
2752,plantpaper.us,US,,,
2753,nikesclearance.us,US,,,
2754,gdmseol.us,US,,,
2755,tosoul.us,US,,,
2756,pandora-earrings.us,US,,,
2757,cooltools.us,US,,,
2758,appserviceenvironment.us,US,,,
2759,clonidine21.us,US,,,
2760,nydn.us,US,,,
2761,nevadalottery.us,US,,,
2762,jnorton.us,US,,,
2763,tadalatop.us,US,,,
2764,iveromectin.us,US,,,
2765,refreshliving.us,US,,,
2766,triplebit.us,US,,,
2767,greenhouseseeds.us,US,,,
2768,wholesaleairjordanscheap.us,US,,,
2769,sev1tech.us,US,,,
2770,v2rr.us,US,,,
2771,dinehere.us,US,,,
2772,vaigra24h.us,US,,,
2773,corporatetraveler.us,US,,,
2774,teamviewer.us,US,,,
2775,usedpart.us,US,,,
2776,ticketsource.us,US,,,
2777,panhandlesupport.us,US,,,
2778,dupage.k12.il.us,US,,,
2779,dnsone.us,US,,,
2780,lebron16shoes.us,US,,,
2781,bexar.tx.us,US,,,
2782,airjordan33.us,US,,,
2783,tv247.us,US,,,
2784,dontfilter.us,US,,,
2785,speakwithanmd.us,US,,,
2786,nmb.us,US,,,
2787,gmc.cc.ga.us,US,,,
2788,cheapjordansshoessale.us,US,,,
2789,louboutinshoess.us,US,,,
2790,countable.us,US,,,
2791,columbia.k12.pa.us,US,,,
2792,remc11.k12.mi.us,US,,,
2793,mohavecounty.us,US,,,
2794,acyclovir22.us,US,,,
2795,nike-runningshoes.us,US,,,
2796,oilempire.us,US,,,
2797,upons.us,US,,,
2798,ncgenweb.us,US,,,
2799,ur3.us,US,,,
2800,viagrapillsweb.us,US,,,
2801,dominiando.us,US,,,
2802,vipciahot.us,US,,,
2803,justlink.us,US,,,
2804,glucoberrybuynow.us,US,,,
2805,vid.us,US,,,
2806,pandora-charmssaleclearance.us,US,,,
2807,mbt3th.us,US,,,
2808,wholesalecheapjerseysfromchina.us,US,,,
2809,nike-airmax98.us,US,,,
2810,airjordans-sneakers.us,US,,,
2811,gaols.us,US,,,
2812,cheapshoeswholesalefreeshipping.us,US,,,
2813,lesgilles.us,US,,,
2814,media3.us,US,,,
2815,paypal-online.us,US,,,
2816,cialis734.us,US,,,
2817,movingimagesource.us,US,,,
2818,toolsvip.us,US,,,
2819,aricept22.us,US,,,
2820,raiz.us,US,,,
2821,fastsoftware.us,US,,,
2822,jordans-1.us,US,,,
2823,hentaifox.us,US,,,
2824,newmexicodirectory.us,US,,,
2825,anytimehosting.us,US,,,
2826,mbxtools.us,US,,,
2827,truststack.us,US,,,
2828,animemusic.us,US,,,
2829,eduroam.us,US,,,
2830,astellas.us,US,,,
2831,propicia.us,US,,,
2832,thewebster.us,US,,,
2833,red-bottomheels.us,US,,,
2834,redshadegames.us,US,,,
2835,cloutik.us,US,,,
2836,pandora-jewelryrings.us,US,,,
2837,ciuci.us,US,,,
2838,digitalharbor.us,US,,,
2839,duarte.k12.ca.us,US,,,
2840,pandoraa.us,US,,,
2841,boldt.us,US,,,
2842,aus-ar.us,US,,,
2843,u2o.us,US,,,
2844,resolutionlife.us,US,,,
2845,ip-51-81-244.us,US,,,
2846,tonup.us,US,,,
2847,paygov.us,US,,,
2848,qubn.us,US,,,
2849,madison.il.us,US,,,
2850,srvusd.k12.ca.us,US,,,
2851,tadalafil24h.us,US,,,
2852,ukrainianbrides.us,US,,,
2853,onepoll.us,US,,,
2854,tec.mn.us,US,,,
2855,qq888.us,US,,,
2856,los40.us,US,,,
2857,intentionallyblank.us,US,,,
2858,hillsboro.or.us,US,,,
2859,canopycare.us,US,,,
2860,limsplus.us,US,,,
2861,christianlouboutinoutlet.us,US,,,
2862,maison-close.us,US,,,
2863,pandoraoutletscharms.us,US,,,
2864,genusys.us,US,,,
2865,ruuby.us,US,,,
2866,viagra28.us,US,,,
2867,igfn.us,US,,,
2868,jordan27.us,US,,,
2869,acps.k12.va.us,US,,,
2870,cialimega.us,US,,,
2871,spoblog.us,US,,,
2872,pimm.us,US,,,
2873,officialpandorajewelry.us,US,,,
2874,cartier.us,US,,,
2875,ukrainianpeople.us,US,,,
2876,kobeshoes.us,US,,,
2877,parkrun.us,US,,,
2878,cheapjordanshoeswholesale.us,US,,,
2879,dully.us,US,,,
2880,lampasas.tx.us,US,,,
2881,onicon.us,US,,,
2882,storynews.us,US,,,
2883,sncoapps.us,US,,,
2884,sundek.us,US,,,
2885,newshoes2021.us,US,,,
2886,liveright.us,US,,,
2887,granby.k12.ct.us,US,,,
2888,charmspandoras.us,US,,,
2889,orchardmile.us,US,,,
2890,perfumesclub.us,US,,,
2891,pandoracharmsjewelrys.us,US,,,
2892,jewelryspandora.us,US,,,
2893,cheapshoesoutletonlines.us,US,,,
2894,kd-10.us,US,,,
2895,erythromycin22.us,US,,,
2896,jordan12retros.us,US,,,
2897,cloggs.us,US,,,
2898,seosolutions.us,US,,,
2899,gosit.us,US,,,
2900,nikepolo.us,US,,,
2901,pandorasbracelets.us,US,,,
2902,chord.us,US,,,
2903,ferragamocom.us,US,,,
2904,spot.us,US,,,
2905,omsd.k12.ca.us,US,,,
2906,pandorashops.us,US,,,
2907,zithramax.us,US,,,
2908,hoiis.us,US,,,
2909,leap.us,US,,,
2910,donttrack.us,US,,,
2911,wowair.us,US,,,
2912,bestbasketballshoes.us,US,,,
2913,madeinspace.us,US,,,
2914,compusport.us,US,,,
2915,monosem.us,US,,,
2916,airjordan-retros.us,US,,,
2917,retro12.us,US,,,
2918,pandora-jewelrysite.us,US,,,
2919,jordans13shoes.us,US,,,
2920,pandorass.us,US,,,
2921,infi.us,US,,,
2922,pandoracharms-bracelets.us,US,,,
2923,genesiswebdesign.us,US,,,
2924,ringspandora.us,US,,,
2925,mesa.k12.az.us,US,,,
2926,carlsbad.ca.us,US,,,
2927,jordan1high.us,US,,,
2928,godsports.us,US,,,
2929,trueman.us,US,,,
2930,countyofriverside.us,US,,,
2931,newyorkredbulls.us,US,,,
2932,jordan-aj1.us,US,,,
2933,jordanones.us,US,,,
2934,nammo.us,US,,,
2935,volantedesign.us,US,,,
2936,wholesalejordansfactory.us,US,,,
2937,jordans14.us,US,,,
2938,jordan6s.us,US,,,
2939,jordan19.us,US,,,
2940,ciaviaonline.us,US,,,
2941,homelandstupidity.us,US,,,
2942,clindamycin22.us,US,,,
2943,jordans28.us,US,,,
2944,riverside.k12.az.us,US,,,
2945,jordan15.us,US,,,
2946,pandorajewelry-officialsites.us,US,,,
2947,airjordans13.us,US,,,
2948,syairwla.us,US,,,
2949,weismann.us,US,,,
2950,medialinkers.us,US,,,
2951,viagra32.us,US,,,
2952,pandorajewelryofficialsites.us,US,,,
2953,jordan11concordshoes.us,US,,,
2954,pandorabraceletsforwomen.us,US,,,
2955,moot.us,US,,,
2956,nfljerseysofficialshop.us,US,,,
2957,jordan35.us,US,,,
2958,jordan18.us,US,,,
2959,nflstoreonlineshopping.us,US,,,
2960,pilotpen.us,US,,,
2961,pandorajewelrycz.us,US,,,
2962,adventureland.us,US,,,
2963,officialpandorarings.us,US,,,
2964,jordan22.us,US,,,
2965,speedcube.us,US,,,
2966,thecult.us,US,,,
2967,amlodipine20.us,US,,,
2968,jordan31.us,US,,,
2969,amitriptyline20.us,US,,,
2970,panelv2.us,US,,,
2971,jordan11lowretro.us,US,,,
2972,levitra742.us,US,,,
2973,gggamble.us,US,,,
2974,pandora-jewelry-charms.us,US,,,
2975,personalpages.us,US,,,
2976,elfutbolero.us,US,,,
2977,jordan29.us,US,,,
2978,rubini.us,US,,,
2979,jordan30.us,US,,,
2980,vincemartin.us,US,,,
2981,jordans33.us,US,,,
2982,kidsjordans.us,US,,,
2983,jordan5whatthe.us,US,,,
2984,cialis23.us,US,,,
2985,iiiy.us,US,,,
2986,toddlerbabyinfantjordans.us,US,,,
2987,jordan26.us,US,,,
2988,itswitch.us,US,,,
2989,dirtychatrooms.us,US,,,
2990,jordan25.us,US,,,
2991,siteunblock.us,US,,,
2992,senthil.us,US,,,
2993,kerassentialsbuynow.us,US,,,
2994,lightningbooster.us,US,,,
2995,washington.or.us,US,,,
2996,massnews.us,US,,,
2997,galaxyaccess.us,US,,,
2998,metformin20.us,US,,,
2999,vaigraz.us,US,,,
3000,rakozy.us,US,,,
3001,jordans12.us,US,,,
3002,airjordans11retro.us,US,,,
3003,jordan21.us,US,,,
3004,prosperportland.us,US,,,
3005,losartan20.us,US,,,
3006,mirtazapine21.us,US,,,
3007,cialis26.us,US,,,
3008,atorvastatin20.us,US,,,
3009,gabapentin19.us,US,,,
3010,amoxicillin22.us,US,,,
3011,servporno.us,US,,,
3012,jordan2s.us,US,,,
3013,fluobestbuy.us,US,,,
3014,education2020.us,US,,,
3015,michaeljordan-shoes.us,US,,,
3016,retrosjordans.us,US,,,
3017,thepackagingcompany.us,US,,,
3018,trole.us,US,,,
3019,bestbuycial.us,US,,,
3020,levitra733.us,US,,,
3021,airjordan1low.us,US,,,
3022,reach-out.us,US,,,
3023,hydrochlorothiazide20.us,US,,,
3024,augmentin22.us,US,,,
3025,christianlouboutinoff.us,US,,,
3026,aea11.k12.ia.us,US,,,
3027,airjordan3s.us,US,,,
3028,pradaoutlet.us,US,,,
3029,redmatrix.us,US,,,
3030,teksquad.us,US,,,
3031,jordan17.us,US,,,
3032,wintrust.us,US,,,
3033,jordan24.us,US,,,
3034,azithromycin22.us,US,,,
3035,jordans13retro.us,US,,,
3036,cumberland.lib.nc.us,US,,,
3037,insule.us,US,,,
3038,labkom.us,US,,,
3039,luseg.us,US,,,
3040,luterx.us,US,,,
3041,dompe.us,US,,,
3042,ip-40-160-21.us,US,,,
3043,obbi.us,US,,,
3044,aquahawk.us,US,,,
3045,ecomhub.us,US,,,
3046,daiichisankyo.us,US,,,
3047,filimund.us,US,,,
3048,paladyne.us,US,,,
3049,jordans32.us,US,,,
3050,refreshcloud.us,US,,,
3051,gridcoin.us,US,,,
3052,printwand.us,US,,,
3053,quietearth.us,US,,,
3054,goldengooseoutlet.us,US,,,
3055,jordan16.us,US,,,
3056,jordans23.us,US,,,
3057,duloxetine20.us,US,,,
3058,ezemovis.us,US,,,
3059,diorjordans.us,US,,,
3060,jordans34.us,US,,,
3061,prednisone20.us,US,,,
3062,muscogee.k12.ga.us,US,,,
3063,jordan13s.us,US,,,
3064,logicaldoc.us,US,,,
3065,curry7shoes.us,US,,,
3066,ru-news.us,US,,,
3067,360web.us,US,,,
3068,jordans-4.us,US,,,
3069,plaxis.us,US,,,
3070,bestbuyviag.us,US,,,
3071,businessamerica.us,US,,,
3072,air-jordan6.us,US,,,
3073,jordanretro11mens.us,US,,,
3074,automotivenews.us,US,,,
3075,shareddns.us,US,,,
3076,airjordan5.us,US,,,
3077,emword.us,US,,,
3078,bupropion21.us,US,,,
3079,jordans5.us,US,,,
3080,kenner.la.us,US,,,
3081,mitula.us,US,,,
3082,np.k12.mn.us,US,,,
3083,farmaction.us,US,,,
3084,jordansneakerss.us,US,,,
3085,kaosx.us,US,,,
3086,nflgearuniforms.us,US,,,
3087,webbersaur.us,US,,,
3088,myfnb.us,US,,,
3089,cymbalta20.us,US,,,
3090,jordans4retro.us,US,,,
3091,superpalka.us,US,,,
3092,hollyspringsnc.us,US,,,
3093,pandoracharmscom.us,US,,,
3094,air-jordansneakers.us,US,,,
3095,tadalafil733.us,US,,,
3096,laylasleep.us,US,,,
3097,jordansretro12.us,US,,,
3098,mailorderbrides.us,US,,,
3099,jordanscheapshoes.us,US,,,
3100,eiily.us,US,,,
3101,handaesung-returnedfromhell.us,US,,,
3102,pivotpoint.us,US,,,
3103,sportstip.us,US,,,
3104,yoko.us,US,,,
3105,retrosairjordan.us,US,,,
3106,poopi.us,US,,,
3107,jordan-retro6.us,US,,,
3108,dazuma.us,US,,,
3109,polygonbridge.us,US,,,
3110,c3isit.us,US,,,
3111,newjordan11.us,US,,,
3112,airjordan4s.us,US,,,
3113,jordansretro3.us,US,,,
3114,jordan11sshoes.us,US,,,
3115,jordans-11.us,US,,,
3116,sildenafil20.us,US,,,
3117,airjordan6rings.us,US,,,
3118,jazzko.us,US,,,
3119,americamakes.us,US,,,
3120,necta.us,US,,,
3121,jordanshoesforkids.us,US,,,
3122,nashdom.us,US,,,
3123,automatik.us,US,,,
3124,wellbutrin21.us,US,,,
3125,diflucan33.us,US,,,
3126,aea10.k12.ia.us,US,,,
3127,cagyu.us,US,,,
3128,prednisolone33.us,US,,,
3129,ccst.us,US,,,
3130,hostpeak.us,US,,,
3131,priligy33.us,US,,,
3132,levitra25.us,US,,,
3133,flint.k12.mi.us,US,,,
3134,cialis733.us,US,,,
3135,myonlinebuy.us,US,,,
3136,discoverbusiness.us,US,,,
3137,lasix33.us,US,,,
3138,jordan11ssneakers.us,US,,,
3139,forjob.us,US,,,
3140,ventolen.us,US,,,
3141,hostus.us,US,,,
3142,air-jordan12.us,US,,,
3143,murrieta.k12.ca.us,US,,,
3144,acsd.k12.ca.us,US,,,
3145,azurecr.us,US,,,
3146,carpediem.us,US,,,
3147,brevard.cc.fl.us,US,,,
3148,r3bserver.us,US,,,
3149,yeezy-slidess.us,US,,,
3150,raydium-v2.us,US,,,
3151,casinotip.us,US,,,
3152,clomid33.us,US,,,
3153,onlinecasinonodepositbonus.us,US,,,
3154,bidsats.us,US,,,
3155,henrico.k12.va.us,US,,,
3156,loganalytics.us,US,,,
3157,kyrie4shoes.us,US,,,
3158,jordan11gammablue.us,US,,,
3159,dataserv.us,US,,,
3160,2sms.us,US,,,
3161,jocombs.k12.az.us,US,,,
3162,air-jordanssneakers.us,US,,,
3163,tryinvisia.us,US,,,
3164,fedramp-firstdue.us,US,,,
3165,somerset.pa.us,US,,,
3166,lebron17s.us,US,,,
3167,statb.us,US,,,
3168,pickerington.k12.oh.us,US,,,
3169,hyperweb.us,US,,,
3170,tadalafil23.us,US,,,
3171,paypal-database.us,US,,,
3172,ibbis.us,US,,,
3173,amplitude.us,US,,,
3174,bendthearc.us,US,,,
3175,cigarsinternational.us,US,,,
3176,brevardcounty.us,US,,,
3177,washoe.nv.us,US,,,
3178,viagra29.us,US,,,
3179,revolutionarywar.us,US,,,
3180,reecedev.us,US,,,
3181,paypal-signin.us,US,,,
3182,etutors.us,US,,,
3183,indeedjobs.us,US,,,
3184,buddyloan.us,US,,,
3185,redbullrecords.us,US,,,
3186,nestlehealthscience.us,US,,,
3187,flingtrainer.us,US,,,
3188,boree.us,US,,,
3189,gayfor.us,US,,,
3190,eastspringinvestments.us,US,,,
3191,countyclerk.us,US,,,
3192,skyblue.us,US,,,
3193,diclofenac21.us,US,,,
3194,paypal-service.us,US,,,
3195,forwardpathway.us,US,,,
3196,viagra733.us,US,,,
3197,thomasrepro.us,US,,,
3198,etosoftware.us,US,,,
